Run #1	Run #1	Run #1	Run #1	Run #1	Run #1	Run #1	Run #2	Run #2	Run #2	Run #2	Run #2	Run #2	Run #2	Run #3	Run #3	Run #3	Run #3	Run #3	Run #3	Run #3	Run #4	Run #4	Run #4	Run #4	Run #4	Run #4	Run #4	Run #5	Run #5	Run #5	Run #5	Run #5	Run #5	Run #5	Run #6	Run #6	Run #6	Run #6	Run #6	Run #6	Run #6	Run #7	Run #7	Run #7	Run #7	Run #7	Run #7	Run #7	Run #8	Run #8	Run #8	Run #8	Run #8	Run #8	Run #8	Run #9	Run #9	Run #9	Run #9	Run #9	Run #9	Run #9	Run #10	Run #10	Run #10	Run #10	Run #10	Run #10	Run #10	Run #11	Run #11	Run #11	Run #11	Run #11	Run #11	Run #11	Run #12	Run #12	Run #12	Run #12	Run #12	Run #12	Run #12	Run #13	Run #13	Run #13	Run #13	Run #13	Run #13	Run #13	Run #14	Run #14	Run #14	Run #14	Run #14	Run #14	Run #14	Run #15	Run #15	Run #15	Run #15	Run #15	Run #15	Run #15	Run #16	Run #16	Run #16	Run #16	Run #16	Run #16	Run #16	Run #17	Run #17	Run #17	Run #17	Run #17	Run #17	Run #17	Run #18	Run #18	Run #18	Run #18	Run #18	Run #18	Run #18	Run #19	Run #19	Run #19	Run #19	Run #19	Run #19	Run #19	Run #20	Run #20	Run #20	Run #20	Run #20	Run #20	Run #20	Run #21	Run #21	Run #21	Run #21	Run #21	Run #21	Run #21	Run #22	Run #22	Run #22	Run #22	Run #22	Run #22	Run #22	Run #23	Run #23	Run #23	Run #23	Run #23	Run #23	Run #23	Run #24	Run #24	Run #24	Run #24	Run #24	Run #24	Run #24	Run #25	Run #25	Run #25	Run #25	Run #25	Run #25	Run #25	Run #26	Run #26	Run #26	Run #26	Run #26	Run #26	Run #26	Run #27	Run #27	Run #27	Run #27	Run #27	Run #27	Run #27	Run #28	Run #28	Run #28	Run #28	Run #28	Run #28	Run #28	Run #29	Run #29	Run #29	Run #29	Run #29	Run #29	Run #29	Run #30	Run #30	Run #30	Run #30	Run #30	Run #30	Run #30	Run #31	Run #31	Run #31	Run #31	Run #31	Run #31	Run #31	Run #32	Run #32	Run #32	Run #32	Run #32	Run #32	Run #32	Run #33	Run #33	Run #33	Run #33	Run #33	Run #33	Run #33	Run #34	Run #34	Run #34	Run #34	Run #34	Run #34	Run #34
Time (s)	Angle (rad)	Angular Velocity (rad/s)	Angular Acceleration (rad/s²)	Position (m)	Velocity (m/s)	Acceleration (m/s²)	Time (s)	Angle (rad)	Angular Velocity (rad/s)	Angular Acceleration (rad/s²)	Position (m)	Velocity (m/s)	Acceleration (m/s²)	Time (s)	Angle (rad)	Angular Velocity (rad/s)	Angular Acceleration (rad/s²)	Position (m)	Velocity (m/s)	Acceleration (m/s²)	Time (s)	Angle (rad)	Angular Velocity (rad/s)	Angular Acceleration (rad/s²)	Position (m)	Velocity (m/s)	Acceleration (m/s²)	Time (s)	Angle (rad)	Angular Velocity (rad/s)	Angular Acceleration (rad/s²)	Position (m)	Velocity (m/s)	Acceleration (m/s²)	Time (s)	Angle (rad)	Angular Velocity (rad/s)	Angular Acceleration (rad/s²)	Position (m)	Velocity (m/s)	Acceleration (m/s²)	Time (s)	Angle (rad)	Angular Velocity (rad/s)	Angular Acceleration (rad/s²)	Position (m)	Velocity (m/s)	Acceleration (m/s²)	Time (s)	Angle (rad)	Angular Velocity (rad/s)	Angular Acceleration (rad/s²)	Position (m)	Velocity (m/s)	Acceleration (m/s²)	Time (s)	Angle (rad)	Angular Velocity (rad/s)	Angular Acceleration (rad/s²)	Position (m)	Velocity (m/s)	Acceleration (m/s²)	Time (s)	Angle (rad)	Angular Velocity (rad/s)	Angular Acceleration (rad/s²)	Position (m)	Velocity (m/s)	Acceleration (m/s²)	Time (s)	Angle (rad)	Angular Velocity (rad/s)	Angular Acceleration (rad/s²)	Position (m)	Velocity (m/s)	Acceleration (m/s²)	Time (s)	Angle (rad)	Angular Velocity (rad/s)	Angular Acceleration (rad/s²)	Position (m)	Velocity (m/s)	Acceleration (m/s²)	Time (s)	Angle (rad)	Angular Velocity (rad/s)	Angular Acceleration (rad/s²)	Position (m)	Velocity (m/s)	Acceleration (m/s²)	Time (s)	Angle (rad)	Angular Velocity (rad/s)	Angular Acceleration (rad/s²)	Position (m)	Velocity (m/s)	Acceleration (m/s²)	Time (s)	Angle (rad)	Angular Velocity (rad/s)	Angular Acceleration (rad/s²)	Position (m)	Velocity (m/s)	Acceleration (m/s²)	Time (s)	Angle (rad)	Angular Velocity (rad/s)	Angular Acceleration (rad/s²)	Position (m)	Velocity (m/s)	Acceleration (m/s²)	Time (s)	Angle (rad)	Angular Velocity (rad/s)	Angular Acceleration (rad/s²)	Position (m)	Velocity (m/s)	Acceleration (m/s²)	Time (s)	Angle (rad)	Angular Velocity (rad/s)	Angular Acceleration (rad/s²)	Position (m)	Velocity (m/s)	Acceleration (m/s²)	Time (s)	Angle (rad)	Angular Velocity (rad/s)	Angular Acceleration (rad/s²)	Position (m)	Velocity (m/s)	Acceleration (m/s²)	Time (s)	Angle (rad)	Angular Velocity (rad/s)	Angular Acceleration (rad/s²)	Position (m)	Velocity (m/s)	Acceleration (m/s²)	Time (s)	Angle (rad)	Angular Velocity (rad/s)	Angular Acceleration (rad/s²)	Position (m)	Velocity (m/s)	Acceleration (m/s²)	Time (s)	Angle (rad)	Angular Velocity (rad/s)	Angular Acceleration (rad/s²)	Position (m)	Velocity (m/s)	Acceleration (m/s²)	Time (s)	Angle (rad)	Angular Velocity (rad/s)	Angular Acceleration (rad/s²)	Position (m)	Velocity (m/s)	Acceleration (m/s²)	Time (s)	Angle (rad)	Angular Velocity (rad/s)	Angular Acceleration (rad/s²)	Position (m)	Velocity (m/s)	Acceleration (m/s²)	Time (s)	Angle (rad)	Angular Velocity (rad/s)	Angular Acceleration (rad/s²)	Position (m)	Velocity (m/s)	Acceleration (m/s²)	Time (s)	Angle (rad)	Angular Velocity (rad/s)	Angular Acceleration (rad/s²)	Position (m)	Velocity (m/s)	Acceleration (m/s²)	Time (s)	Angle (rad)	Angular Velocity (rad/s)	Angular Acceleration (rad/s²)	Position (m)	Velocity (m/s)	Acceleration (m/s²)	Time (s)	Angle (rad)	Angular Velocity (rad/s)	Angular Acceleration (rad/s²)	Position (m)	Velocity (m/s)	Acceleration (m/s²)	Time (s)	Angle (rad)	Angular Velocity (rad/s)	Angular Acceleration (rad/s²)	Position (m)	Velocity (m/s)	Acceleration (m/s²)	Time (s)	Angle (rad)	Angular Velocity (rad/s)	Angular Acceleration (rad/s²)	Position (m)	Velocity (m/s)	Acceleration (m/s²)	Time (s)	Angle (rad)	Angular Velocity (rad/s)	Angular Acceleration (rad/s²)	Position (m)	Velocity (m/s)	Acceleration (m/s²)	Time (s)	Angle (rad)	Angular Velocity (rad/s)	Angular Acceleration (rad/s²)	Position (m)	Velocity (m/s)	Acceleration (m/s²)	Time (s)	Angle (rad)	Angular Velocity (rad/s)	Angular Acceleration (rad/s²)	Position (m)	Velocity (m/s)	Acceleration (m/s²)	Time (s)	Angle (rad)	Angular Velocity (rad/s)	Angular Acceleration (rad/s²)	Position (m)	Velocity (m/s)	Acceleration (m/s²)
0.000	0.000			0.0000			0.000	0.000			0.0000			0.000	0.000			0.0000			0.000	0.000			0.0000			0.000	0.000			0.0000			0.000	0.262			0.0037			0.000	0.000			0.0000			0.000	0.000			0.0000			0.000	0.000			0.0000			0.000	-0.785			-0.0112			0.000	-0.105			-0.0015			0.000	0.157			0.0023			0.000	0.000			0.0000			0.000	0.000			0.0000			0.000	-0.070			-0.0010			0.000	0.000			0.0000			0.000	0.122			0.0018			0.000	0.017			2.5000E-4			0.000	0.471			0.0067			0.000	0.175			0.0025			0.000	0.175			0.0025			0.000	0.000			0.0000			0.000	-0.035			-5.0000E-4			0.000	0.140			0.0020			0.000	1.466			0.0210			0.000	0.035			5.0000E-4			0.000	0.035			5.0000E-4			0.000	2.496			0.0358			0.000	0.000			0.0000			0.000	0.000			0.0000			0.000	0.017			2.5000E-4			0.000	0.000			0.0000			0.000	0.000			0.0000			0.000	0.000			0.0000		
0.050	0.000	0.000		0.0000	0.000		0.050	0.000	0.000		0.0000	0.000		0.050	0.000	0.000		0.0000	0.000		0.050	0.000	0.000		0.0000	0.000		0.050	-0.017	-0.175		-2.5000E-4	-0.003		0.050	0.576	6.981		0.0083	0.100		0.050	0.000	0.175		0.0000	0.003		0.050	0.035	1.047		5.0000E-4	0.015		0.050	0.000	-0.175		0.0000	-0.003		0.050	-1.501	-11.345		-0.0215	-0.163		0.050	-0.279	-3.665		-0.0040	-0.052		0.050	0.367	4.363		0.0052	0.062		0.050	0.000	-0.175		0.0000	-0.003		0.050	0.035	0.873		5.0000E-4	0.013		0.050	-0.140	-1.047		-0.0020	-0.015		0.050	0.000	0.000		0.0000	0.000		0.050	0.314	4.363		0.0045	0.062		0.050	0.035	0.524		5.0000E-4	0.008		0.050	1.030	11.694		0.0147	0.168		0.050	0.436	5.934		0.0062	0.085		0.050	0.454	6.458		0.0065	0.092		0.050	0.000	0.000		0.0000	0.000		0.050	-0.035	0.698		-5.0000E-4	0.010		0.050	0.367	5.411		0.0052	0.077		0.050	3.089	33.161		0.0442	0.475		0.050	0.140	3.142		0.0020	0.045		0.050	0.035	-0.175		5.0000E-4	-0.003		0.050	5.114	49.916		0.0732	0.715		0.050	0.000	0.000		0.0000	0.000		0.050	0.000	0.000		0.0000	0.000		0.050	0.017	0.000		2.5000E-4	0.000		0.050	0.000	0.000		0.0000	0.000		0.050	0.000	0.000		0.0000	0.000		0.050	-0.017	-0.175		-2.5000E-4	-0.003	
0.100	0.000	0.000	0.000	0.0000	0.000	0.000	0.100	0.000	0.000	0.000	0.0000	0.000	0.000	0.100	0.000	0.000	0.000	0.0000	0.000	0.000	0.100	0.000	0.000	0.000	0.0000	0.000	0.000	0.100	-0.017	-0.175	1.745	-2.5000E-4	-0.002	0.025	0.100	0.960	8.203	22.689	0.0137	0.117	0.325	0.100	0.017	0.349	1.745	2.5000E-4	0.005	0.025	0.100	0.105	1.571	12.217	0.0015	0.022	0.175	0.100	-0.017	-0.175	3.491	-2.5000E-4	-0.002	0.050	0.100	-1.920	-5.061	104.720	-0.0275	-0.072	1.500	0.100	-0.471	-4.189	-13.963	-0.0067	-0.060	-0.200	0.100	0.593	4.887	13.963	0.0085	0.070	0.200	0.100	-0.017	-0.175	3.491	-2.5000E-4	-0.002	0.050	0.100	0.087	1.571	15.708	0.0013	0.022	0.225	0.100	-0.175	-0.349	10.472	-0.0025	-0.005	0.150	0.100	0.000	-0.175	-1.745	0.0000	-0.002	-0.025	0.100	0.559	5.585	24.435	0.0080	0.080	0.350	0.100	0.070	1.222	17.453	0.0010	0.017	0.250	0.100	1.641	12.741	22.689	0.0235	0.183	0.325	0.100	0.768	7.156	22.689	0.0110	0.102	0.325	0.100	0.820	8.203	33.161	0.0117	0.117	0.475	0.100	0.000	0.000	0.000	0.0000	0.000	0.000	0.100	0.035	2.443	36.652	5.0000E-4	0.035	0.525	0.100	0.681	7.156	33.161	0.0097	0.102	0.475	0.100	4.782	34.732	33.161	0.0685	0.497	0.475	0.100	0.349	5.061	36.652	0.0050	0.072	0.525	0.100	0.017	-0.175	1.745	2.5000E-4	-0.002	0.025	0.100	7.487	36.652	-359.538	0.1072	0.525	-5.150	0.100	0.000	0.000	0.000	0.0000	0.000	0.000	0.100	0.000	0.000	0.000	0.0000	0.000	0.000	0.100	0.017	0.175	1.745	2.5000E-4	0.002	0.025	0.100	0.000	0.000	0.000	0.0000	0.000	0.000	0.100	0.000	0.175	1.745	0.0000	0.002	0.025	0.100	-0.017	0.000	1.745	-2.5000E-4	0.000	0.025
0.150	0.000	0.000	0.000	0.0000	0.000	0.000	0.150	0.000	0.000	0.000	0.0000	0.000	0.000	0.150	0.000	0.000	0.000	0.0000	0.000	0.000	0.150	0.000	0.000	0.000	0.0000	0.000	0.000	0.150	-0.035	0.000	8.727	-5.0000E-4	0.000	0.125	0.150	1.396	9.250	22.689	0.0200	0.132	0.325	0.150	0.035	0.349	3.491	5.0000E-4	0.005	0.050	0.150	0.192	2.269	15.708	0.0027	0.032	0.225	0.150	-0.017	0.175	3.491	-2.5000E-4	0.003	0.050	0.150	-2.007	-0.873	52.360	-0.0288	-0.013	0.750	0.150	-0.698	-5.061	-15.708	-0.0100	-0.072	-0.225	0.150	0.855	5.760	15.708	0.0122	0.083	0.225	0.150	-0.017	0.175	3.491	-2.5000E-4	0.003	0.050	0.150	0.192	2.443	15.708	0.0027	0.035	0.225	0.150	-0.175	0.000	3.491	-0.0025	0.000	0.050	0.150	-0.017	-0.175	1.745	-2.5000E-4	-0.003	0.025	0.150	0.873	6.807	24.435	0.0125	0.098	0.350	0.150	0.157	2.269	20.944	0.0023	0.033	0.300	0.150	2.304	13.963	26.180	0.0330	0.200	0.375	0.150	1.152	8.203	20.944	0.0165	0.117	0.300	0.150	1.274	9.774	31.416	0.0183	0.140	0.450	0.150	0.000	0.000	0.000	0.0000	0.000	0.000	0.150	0.209	4.363	34.907	0.0030	0.062	0.500	0.150	1.082	8.727	31.416	0.0155	0.125	0.450	0.150	6.562	36.477	34.907	0.0940	0.522	0.500	0.150	0.646	6.807	34.907	0.0092	0.098	0.500	0.150	0.017	0.000	1.745	2.5000E-4	0.000	0.025	0.150	8.779	13.963	-363.028	0.1258	0.200	-5.200	0.150	0.000	0.000	0.000	0.0000	0.000	0.000	0.150	0.000	0.000	0.000	0.0000	0.000	0.000	0.150	0.035	0.175	1.110E-15	5.0000E-4	0.003	8.674E-18	0.150	0.000	0.000	0.000	0.0000	0.000	0.000	0.150	0.017	0.175	8.327E-16	2.5000E-4	0.003	8.674E-18	0.150	-0.017	0.000	0.000	-2.5000E-4	0.000	0.000
0.200	0.000	0.000	0.000	0.0000	0.000	0.000	0.200	0.000	0.000	0.000	0.0000	0.000	0.000	0.200	0.000	0.000	0.000	0.0000	0.000	0.000	0.200	0.000	0.000	0.000	0.0000	0.000	0.000	0.200	-0.017	0.698	13.963	-2.5000E-4	0.010	0.200	0.200	1.885	10.472	24.435	0.0270	0.150	0.350	0.200	0.052	0.698	12.217	7.5000E-4	0.010	0.175	0.200	0.332	3.142	13.963	0.0047	0.045	0.200	0.200	0.000	0.175	-1.745	0.0000	0.003	-0.025	0.200	-2.007	0.175	8.727	-0.0288	0.003	0.125	0.200	-0.977	-5.760	-12.217	-0.0140	-0.083	-0.175	0.200	1.169	6.458	10.472	0.0168	0.093	0.150	0.200	0.000	0.175	-5.551E-16	0.0000	0.003	-8.674E-18	0.200	0.332	3.142	15.708	0.0047	0.045	0.225	0.200	-0.175	0.000	0.000	-0.0025	0.000	0.000	0.200	-0.017	0.000	1.745	-2.5000E-4	0.000	0.025	0.200	1.239	8.029	24.435	0.0178	0.115	0.350	0.200	0.297	3.316	20.944	0.0042	0.048	0.300	0.200	3.037	15.359	26.180	0.0435	0.220	0.375	0.200	1.588	9.250	22.689	0.0228	0.133	0.325	0.200	1.798	11.345	31.416	0.0258	0.163	0.450	0.200	0.000	0.000	-1.745	0.0000	0.000	-0.025	0.200	0.471	5.934	31.416	0.0067	0.085	0.450	0.200	1.553	10.297	33.161	0.0222	0.148	0.475	0.200	8.430	38.223	31.416	0.1207	0.548	0.450	0.200	1.030	8.552	33.161	0.0147	0.123	0.475	0.200	0.017	0.000	1.745	2.5000E-4	0.000	0.025	0.200	8.884	0.349	-146.608	0.1272	0.005	-2.100	0.200	0.000	0.000	0.000	0.0000	0.000	0.000	0.200	0.000	0.000	0.000	0.0000	0.000	0.000	0.200	0.035	0.175	1.745	5.0000E-4	0.003	0.025	0.200	0.000	0.000	0.000	0.0000	0.000	0.000	0.200	0.017	0.175	-5.551E-16	2.5000E-4	0.003	-8.674E-18	0.200	-0.017	0.000	-1.745	-2.5000E-4	0.000	-0.025
0.250	0.000	0.000	0.000	0.0000	0.000	0.000	0.250	0.000	0.000	0.000	0.0000	0.000	0.000	0.250	0.000	0.000	0.000	0.0000	0.000	0.000	0.250	0.000	0.000	0.000	0.0000	0.000	0.000	0.250	0.035	1.396	15.708	5.0000E-4	0.020	0.225	0.250	2.443	11.694	24.435	0.0350	0.167	0.350	0.250	0.105	1.571	15.708	0.0015	0.022	0.225	0.250	0.506	3.665	12.217	0.0072	0.052	0.175	0.250	0.000	0.000	-1.745	0.0000	0.000	-0.025	0.250	-1.990	0.000	-6.981	-0.0285	0.000	-0.100	0.250	-1.274	-6.283	-12.217	-0.0183	-0.090	-0.175	0.250	1.501	6.807	10.472	0.0215	0.097	0.150	0.250	0.000	0.175	5.236	0.0000	0.002	0.075	0.250	0.506	4.014	15.708	0.0072	0.057	0.225	0.250	-0.175	0.000	10.472	-0.0025	0.000	0.150	0.250	-0.017	0.000	0.000	-2.5000E-4	0.000	0.000	0.250	1.676	9.250	22.689	0.0240	0.132	0.325	0.250	0.489	4.363	22.689	0.0070	0.062	0.325	0.250	3.840	16.581	22.689	0.0550	0.237	0.325	0.250	2.077	10.472	26.180	0.0298	0.150	0.375	0.250	2.409	12.915	31.416	0.0345	0.185	0.450	0.250	0.000	-0.175	-1.745	0.0000	-0.002	-0.025	0.250	0.803	7.505	33.161	0.0115	0.107	0.475	0.250	2.112	12.043	33.161	0.0303	0.172	0.475	0.250	10.385	39.619	29.671	0.1487	0.567	0.425	0.250	1.501	10.123	33.161	0.0215	0.145	0.475	0.250	0.017	0.175	12.217	2.5000E-4	0.002	0.175	0.250	8.814	-0.698	-5.236	0.1262	-0.010	-0.075	0.250	0.000	0.000	0.000	0.0000	0.000	0.000	0.250	0.000	0.000	6.981	0.0000	0.000	0.100	0.250	0.052	0.349	-1.665E-15	7.5000E-4	0.005	-1.301E-17	0.250	0.000	0.000	0.000	0.0000	0.000	0.000	0.250	0.035	0.175	-1.745	5.0000E-4	0.002	-0.025	0.250	-0.017	-0.175	-1.745	-2.5000E-4	-0.002	-0.025
0.300	0.000	0.000	0.000	0.0000	0.000	0.000	0.300	0.000	0.000	0.000	0.0000	0.000	0.000	0.300	0.000	0.000	0.000	0.0000	0.000	0.000	0.300	0.000	0.000	0.000	0.0000	0.000	0.000	0.300	0.122	2.269	17.453	0.0018	0.032	0.250	0.300	3.054	12.915	22.689	0.0438	0.185	0.325	0.300	0.209	2.269	13.963	0.0030	0.032	0.200	0.300	0.698	4.363	13.963	0.0100	0.062	0.200	0.300	0.000	0.000	0.000	0.0000	0.000	0.000	0.300	-2.007	-0.524	-12.217	-0.0288	-0.008	-0.175	0.300	-1.606	-6.981	-13.963	-0.0230	-0.100	-0.200	0.300	1.850	7.505	13.963	0.0265	0.107	0.200	0.300	0.017	0.698	12.217	2.5000E-4	0.010	0.175	0.300	0.733	4.712	13.963	0.0105	0.067	0.200	0.300	-0.175	1.047	26.180	-0.0025	0.015	0.375	0.300	-0.017	0.000	0.000	-2.5000E-4	0.000	0.000	0.300	2.164	10.297	22.689	0.0310	0.147	0.325	0.300	0.733	5.585	24.435	0.0105	0.080	0.350	0.300	4.695	17.628	22.689	0.0672	0.252	0.325	0.300	2.635	11.868	24.435	0.0378	0.170	0.350	0.300	3.089	14.486	34.907	0.0442	0.207	0.500	0.300	-0.017	-0.175	1.745	-2.5000E-4	-0.002	0.025	0.300	1.222	9.250	34.907	0.0175	0.132	0.500	0.300	2.758	13.614	31.416	0.0395	0.195	0.450	0.300	12.392	41.190	31.416	0.1775	0.590	0.450	0.300	2.042	11.868	34.907	0.0293	0.170	0.500	0.300	0.035	1.222	27.925	5.0000E-4	0.017	0.400	0.300	8.814	-0.175	1.745	0.1262	-0.003	0.025	0.300	0.000	0.000	0.000	0.0000	0.000	0.000	0.300	0.000	0.698	24.435	0.0000	0.010	0.350	0.300	0.070	0.175	-1.745	0.0010	0.002	-0.025	0.300	0.000	0.000	3.491	0.0000	0.000	0.050	0.300	0.035	0.000	-1.745	5.0000E-4	0.000	-0.025	0.300	-0.035	-0.175	1.745	-5.0000E-4	-0.002	0.025
0.350	0.000	0.000	0.000	0.0000	0.000	0.000	0.350	0.000	0.000	0.000	0.0000	0.000	0.000	0.350	0.000	0.000	0.000	0.0000	0.000	0.000	0.350	0.000	0.000	0.000	0.0000	0.000	0.000	0.350	0.262	3.142	15.708	0.0037	0.045	0.225	0.350	3.735	13.963	20.944	0.0535	0.200	0.300	0.350	0.332	2.967	15.708	0.0047	0.043	0.225	0.350	0.942	5.061	12.217	0.0135	0.073	0.175	0.350	0.000	0.000	0.000	0.0000	0.000	0.000	0.350	-2.042	-1.222	-20.944	-0.0293	-0.017	-0.300	0.350	-1.972	-7.679	-13.963	-0.0283	-0.110	-0.200	0.350	2.251	8.203	12.217	0.0323	0.118	0.175	0.350	0.070	1.396	13.963	0.0010	0.020	0.200	0.350	0.977	5.411	15.708	0.0140	0.077	0.225	0.350	-0.070	2.618	27.925	-0.0010	0.038	0.400	0.350	-0.017	0.000	3.491	-2.5000E-4	0.000	0.050	0.350	2.705	11.519	26.180	0.0387	0.165	0.375	0.350	1.047	6.807	24.435	0.0150	0.098	0.350	0.350	5.603	18.850	24.435	0.0802	0.270	0.350	0.350	3.264	12.915	20.944	0.0467	0.185	0.300	0.350	3.857	16.406	36.652	0.0553	0.235	0.525	0.350	-0.017	0.000	1.745	-2.5000E-4	0.000	0.025	0.350	1.728	10.996	33.161	0.0248	0.158	0.475	0.350	3.473	15.184	33.161	0.0498	0.218	0.475	0.350	14.504	42.761	29.671	0.2078	0.613	0.425	0.350	2.688	13.614	34.907	0.0385	0.195	0.500	0.350	0.140	2.967	34.907	0.0020	0.043	0.500	0.350	8.796	-0.524	-3.491	0.1260	-0.008	-0.050	0.350	0.000	0.000	0.000	0.0000	0.000	0.000	0.350	0.070	2.443	40.143	0.0010	0.035	0.575	0.350	0.070	0.175	5.236	0.0010	0.003	0.075	0.350	0.000	0.349	22.689	0.0000	0.005	0.325	0.350	0.035	0.000	0.000	5.0000E-4	0.000	0.000	0.350	-0.035	0.000	3.491	-5.0000E-4	0.000	0.050
0.400	0.000	0.000	0.000	0.0000	0.000	0.000	0.400	0.000	0.000	0.000	0.0000	0.000	0.000	0.400	0.000	0.000	0.000	0.0000	0.000	0.000	0.400	0.000	0.000	0.000	0.0000	0.000	0.000	0.400	0.436	3.840	13.963	0.0062	0.055	0.200	0.400	4.451	15.010	24.435	0.0637	0.215	0.350	0.400	0.506	3.840	13.963	0.0072	0.055	0.200	0.400	1.204	5.585	12.217	0.0173	0.080	0.175	0.400	0.000	0.000	0.000	0.0000	0.000	0.000	0.400	-2.129	-2.618	-33.161	-0.0305	-0.038	-0.475	0.400	-2.374	-8.378	-13.963	-0.0340	-0.120	-0.200	0.400	2.670	8.727	10.472	0.0383	0.125	0.150	0.400	0.157	2.094	13.963	0.0023	0.030	0.200	0.400	1.274	6.283	15.708	0.0183	0.090	0.225	0.400	0.087	3.840	27.925	0.0013	0.055	0.400	0.400	-0.017	0.349	12.217	-2.5000E-4	0.005	0.175	0.400	3.316	12.915	24.435	0.0475	0.185	0.350	0.400	1.414	8.029	24.435	0.0203	0.115	0.350	0.400	6.580	20.071	22.689	0.0942	0.288	0.325	0.400	3.927	13.963	24.435	0.0562	0.200	0.350	0.400	4.730	18.151	31.416	0.0678	0.260	0.450	0.400	-0.017	0.000	0.000	-2.5000E-4	0.000	0.000	0.400	2.321	12.566	31.416	0.0333	0.180	0.450	0.400	4.276	16.930	33.161	0.0612	0.242	0.475	0.400	16.668	44.157	31.416	0.2387	0.633	0.450	0.400	3.403	15.359	34.907	0.0487	0.220	0.500	0.400	0.332	4.712	33.161	0.0047	0.068	0.475	0.400	8.762	-0.524	1.745	0.1255	-0.008	0.025	0.400	0.000	0.000	0.000	0.0000	0.000	0.000	0.400	0.244	4.712	43.633	0.0035	0.068	0.625	0.400	0.087	0.698	6.981	0.0013	0.010	0.100	0.400	0.035	2.269	45.379	5.0000E-4	0.033	0.650	0.400	0.035	0.000	1.745	5.0000E-4	0.000	0.025	0.400	-0.035	0.175	8.727	-5.0000E-4	0.003	0.125
0.450	0.000	0.000	0.000	0.0000	0.000	0.000	0.450	0.000	0.000	0.000	0.0000	0.000	0.000	0.450	0.000	0.000	0.000	0.0000	0.000	0.000	0.450	0.000	0.000	0.000	0.0000	0.000	0.000	0.450	0.646	4.538	13.963	0.0092	0.065	0.200	0.450	5.236	16.406	24.435	0.0750	0.235	0.350	0.450	0.716	4.363	12.217	0.0103	0.063	0.175	0.450	1.501	6.283	12.217	0.0215	0.090	0.175	0.450	0.000	0.000	0.000	0.0000	0.000	0.000	0.450	-2.304	-4.538	-40.143	-0.0330	-0.065	-0.575	0.450	-2.810	-9.076	-13.963	-0.0403	-0.130	-0.200	0.450	3.124	9.250	10.472	0.0447	0.133	0.150	0.450	0.279	2.793	15.708	0.0040	0.040	0.225	0.450	1.606	6.981	12.217	0.0230	0.100	0.175	0.450	0.314	5.411	27.925	0.0045	0.078	0.400	0.450	0.017	1.222	20.944	2.5000E-4	0.018	0.300	0.450	3.997	13.963	20.944	0.0573	0.200	0.300	0.450	1.850	9.250	22.689	0.0265	0.133	0.325	0.450	7.610	21.118	20.944	0.1090	0.303	0.300	0.450	4.660	15.359	26.180	0.0667	0.220	0.375	0.450	5.672	19.548	29.671	0.0812	0.280	0.425	0.450	-0.017	0.000	0.000	-2.5000E-4	0.000	0.000	0.450	2.985	14.137	31.416	0.0428	0.203	0.450	0.450	5.166	18.500	31.416	0.0740	0.265	0.450	0.450	18.919	45.902	27.925	0.2710	0.657	0.400	0.450	4.224	17.104	31.416	0.0605	0.245	0.450	0.450	0.611	6.283	29.671	0.0088	0.090	0.425	0.450	8.744	-0.349	3.331E-15	0.1252	-0.005	4.337E-17	0.450	0.000	0.000	0.000	0.0000	0.000	0.000	0.450	0.541	6.807	41.888	0.0077	0.098	0.600	0.450	0.140	0.873	-3.331E-15	0.0020	0.013	-5.204E-17	0.450	0.227	4.887	47.124	0.0033	0.070	0.675	0.450	0.035	0.175	12.217	5.0000E-4	0.003	0.175	0.450	-0.017	0.873	22.689	-2.5000E-4	0.013	0.325
0.500	0.000	0.000	0.000	0.0000	0.000	0.000	0.500	0.000	0.000	0.000	0.0000	0.000	0.000	0.500	0.000	0.000	0.000	0.0000	0.000	0.000	0.500	0.000	0.000	0.000	0.0000	0.000	0.000	0.500	0.890	5.236	13.963	0.0128	0.075	0.200	0.500	6.091	17.453	22.689	0.0873	0.250	0.325	0.500	0.942	5.061	15.708	0.0135	0.072	0.225	0.500	1.833	6.807	12.217	0.0262	0.097	0.175	0.500	0.000	0.000	0.000	0.0000	0.000	0.000	0.500	-2.583	-6.632	-26.180	-0.0370	-0.095	-0.375	0.500	-3.281	-9.774	-13.963	-0.0470	-0.140	-0.200	0.500	3.595	9.774	13.963	0.0515	0.140	0.200	0.500	0.436	3.665	15.708	0.0062	0.052	0.225	0.500	1.972	7.505	12.217	0.0283	0.107	0.175	0.500	0.628	6.632	24.435	0.0090	0.095	0.350	0.500	0.105	2.443	26.180	0.0015	0.035	0.375	0.500	4.712	15.010	24.435	0.0675	0.215	0.350	0.500	2.339	10.297	20.944	0.0335	0.147	0.300	0.500	8.692	22.166	22.689	0.1245	0.318	0.325	0.500	5.463	16.581	22.689	0.0782	0.237	0.325	0.500	6.685	21.118	31.416	0.0958	0.302	0.450	0.500	-0.017	0.000	0.000	-2.5000E-4	0.000	0.000	0.500	3.735	15.708	31.416	0.0535	0.225	0.450	0.500	6.126	20.071	33.161	0.0878	0.288	0.475	0.500	21.258	46.949	6.981	0.3045	0.672	0.100	0.500	5.114	18.500	31.416	0.0732	0.265	0.450	0.500	0.960	7.679	29.671	0.0137	0.110	0.425	0.500	8.727	-0.524	-3.491	0.1250	-0.008	-0.050	0.500	0.000	0.000	5.236	0.0000	0.000	0.075	0.500	0.925	8.901	43.633	0.0132	0.127	0.625	0.500	0.175	0.698		0.0025	0.010		0.500	0.524	6.981	43.633	0.0075	0.100	0.625	0.500	0.052	1.222	29.671	7.5000E-4	0.017	0.425	0.500	0.052	2.443	38.397	7.5000E-4	0.035	0.550
0.550	0.000	0.000	0.000	0.0000	0.000	0.000	0.550	0.000	0.000	0.000	0.0000	0.000	0.000	0.550	0.000	0.000	0.000	0.0000	0.000	0.000	0.550	0.000	0.000	0.000	0.0000	0.000	0.000	0.550	1.169	5.934	12.217	0.0168	0.085	0.175	0.550	6.981	18.675	24.435	0.1000	0.267	0.350	0.550	1.222	5.934	13.963	0.0175	0.085	0.200	0.550	2.182	7.505	15.708	0.0313	0.107	0.225	0.550	0.000	0.000	0.000	0.0000	0.000	0.000	0.550	-2.967	-7.156	12.217	-0.0425	-0.102	0.175	0.550	-3.787	-10.472	-13.963	-0.0542	-0.150	-0.200	0.550	4.102	10.647	13.963	0.0588	0.152	0.200	0.550	0.646	4.363	12.217	0.0092	0.062	0.175	0.550	2.356	8.203	13.963	0.0338	0.117	0.200	0.550	0.977	7.854	26.180	0.0140	0.112	0.375	0.550	0.262	3.840	26.180	0.0037	0.055	0.375	0.550	5.498	16.406	24.435	0.0787	0.235	0.350	0.550	2.880	11.345	22.689	0.0413	0.162	0.325	0.550	9.826	23.387	26.180	0.1408	0.335	0.375	0.550	6.318	17.628	22.689	0.0905	0.252	0.325	0.550	7.784	22.689	33.161	0.1115	0.325	0.475	0.550	-0.017	0.000	0.000	-2.5000E-4	0.000	0.000	0.550	4.555	17.279	33.161	0.0652	0.247	0.475	0.550	7.173	21.817	33.161	0.1028	0.312	0.475	0.550	23.614	46.600	-10.472	0.3383	0.667	-0.150	0.550	6.074	20.246	34.907	0.0870	0.290	0.500	0.550	1.379	9.250	31.416	0.0198	0.132	0.450	0.550	8.692	-0.698	-3.491	0.1245	-0.010	-0.050	0.550	0.000	0.524	17.453	0.0000	0.007	0.250	0.550	1.431	11.170	41.888	0.0205	0.160	0.600								0.550	0.925	9.250	43.633	0.0132	0.132	0.625	0.550	0.157	3.142	40.143	0.0023	0.045	0.575	0.550	0.227	4.712	45.379	0.0033	0.067	0.650
0.600	0.000	0.000	0.000	0.0000	0.000	0.000	0.600	0.000	0.000	0.000	0.0000	0.000	0.000	0.600	0.000	0.000		0.0000	0.000		0.600	0.000	0.000	0.000	0.0000	0.000	0.000	0.600	1.484	6.458	12.217	0.0213	0.093	0.175	0.600	7.959	19.897	20.944	0.1140	0.285	0.300	0.600	1.536	6.458	12.217	0.0220	0.093	0.175	0.600	2.583	8.378	15.708	0.0370	0.120	0.225	0.600	0.000	0.000	0.000	0.0000	0.000	0.000	0.600	-3.299	-5.411	38.397	-0.0473	-0.078	0.550	0.600	-4.328	-11.170	-12.217	-0.0620	-0.160	-0.175	0.600	4.660	11.170	10.472	0.0667	0.160	0.150	0.600	0.873	4.887	12.217	0.0125	0.070	0.175	0.600	2.793	8.901	13.963	0.0400	0.128	0.200	0.600	1.414	9.250	24.435	0.0203	0.133	0.350	0.600	0.489	5.061	24.435	0.0070	0.073	0.350	0.600	6.353	17.453	22.689	0.0910	0.250	0.325	0.600	3.473	12.566	26.180	0.0498	0.180	0.375	0.600	11.030	24.784	24.435	0.1580	0.355	0.350	0.600	7.226	18.850	22.689	0.1035	0.270	0.325	0.600	8.954	24.435	34.907	0.1282	0.350	0.500	0.600	-0.017	0.000	0.000	-2.5000E-4	0.000	0.000	0.600	5.463	19.024	34.907	0.0782	0.273	0.500	0.600	8.308	23.387	31.416	0.1190	0.335	0.450	0.600	25.918	45.902	-10.472	0.3713	0.658	-0.150	0.600	7.138	21.991	34.907	0.1023	0.315	0.500	0.600	1.885	10.821	31.416	0.0270	0.155	0.450	0.600	8.657	-0.873	-1.854E-13	0.1240	-0.013	-1.041E-16	0.600	0.052	1.745	27.925	7.5000E-4	0.025	0.400	0.600	2.042	13.090	40.143	0.0293	0.188	0.575								0.600	1.449	11.345	40.143	0.0208	0.163	0.575	0.600	0.367	5.236	41.888	0.0052	0.075	0.600	0.600	0.524	6.981	43.633	0.0075	0.100	0.625
0.650	0.000	0.000	0.000	0.0000	0.000	0.000	0.650	0.000	0.000	0.000	0.0000	0.000	0.000								0.650	0.000	0.000	0.000	0.0000	0.000	0.000	0.650	1.815	7.156	13.963	0.0260	0.103	0.200	0.650	8.971	20.769	20.944	0.1285	0.298	0.300	0.650	1.868	7.156	13.963	0.0268	0.103	0.200	0.650	3.019	9.076	12.217	0.0433	0.130	0.175	0.650	0.000	0.000	0.000	0.0000	0.000	0.000	0.650	-3.508	-3.316	31.416	-0.0503	-0.048	0.450	0.650	-4.904	-11.694	-10.472	-0.0703	-0.168	-0.150	0.650	5.219	11.694	13.963	0.0747	0.168	0.200	0.650	1.134	5.585	13.963	0.0163	0.080	0.200	0.650	3.246	9.599	13.963	0.0465	0.138	0.200	0.650	1.902	10.297	22.689	0.0272	0.148	0.325	0.650	0.768	6.283	24.435	0.0110	0.090	0.350	0.650	7.243	18.675	24.435	0.1038	0.268	0.350	0.650	4.136	13.963	24.435	0.0593	0.200	0.350	0.650	12.305	25.831	19.199	0.1762	0.370	0.275	0.650	8.203	19.897	20.944	0.1175	0.285	0.300	0.650	10.228	26.180	31.416	0.1465	0.375	0.450	0.650	-0.017	0.000	0.000	-2.5000E-4	0.000	0.000	0.650	6.458	20.769	33.161	0.0925	0.298	0.475	0.650	9.512	24.958	31.416	0.1362	0.358	0.450	0.650	28.205	45.553	-12.217	0.4040	0.652	-0.175	0.650	8.273	23.736	34.907	0.1185	0.340	0.500	0.650	2.461	12.392	33.161	0.0353	0.178	0.475	0.650	8.604	-0.698	5.236	0.1232	-0.010	0.075	0.650	0.175	3.316	31.416	0.0025	0.048	0.450	0.650	2.740	15.184	43.633	0.0393	0.218	0.625								0.650	2.059	13.265	40.143	0.0295	0.190	0.575	0.650	0.681	7.330	41.888	0.0097	0.105	0.600	0.650	0.925	9.076	43.633	0.0132	0.130	0.625
0.700	0.000	0.000	0.000	0.0000	0.000	0.000	0.700	0.000	0.000	0.000	0.0000	0.000	0.000								0.700	0.000	0.000	0.000	0.0000	0.000	0.000	0.700	2.199	7.854	13.963	0.0315	0.112	0.200	0.700	10.036	21.991	24.435	0.1438	0.315	0.350	0.700	2.251	7.854	12.217	0.0323	0.113	0.175	0.700	3.491	9.599	12.217	0.0500	0.138	0.175	0.700	0.000	0.000	1.745	0.0000	0.000	0.025	0.700	-3.630	-2.269	12.217	-0.0520	-0.032	0.175	0.700	-5.498	-12.217	-12.217	-0.0787	-0.175	-0.175	0.700	5.829	12.566	15.708	0.0835	0.180	0.225	0.700	1.431	6.283	15.708	0.0205	0.090	0.225	0.700	3.752	10.297	12.217	0.0537	0.148	0.175	0.700	2.443	11.519	24.435	0.0350	0.165	0.350	0.700	1.117	7.505	22.689	0.0160	0.108	0.325	0.700	8.220	19.897	22.689	0.1177	0.285	0.325	0.700	4.869	15.010	22.689	0.0698	0.215	0.325	0.700	13.614	26.704	20.944	0.1950	0.383	0.300	0.700	9.215	20.944	22.689	0.1320	0.300	0.325	0.700	11.572	27.576	31.416	0.1657	0.395	0.450	0.700	-0.017	0.000	0.000	-2.5000E-4	0.000	0.000	0.700	7.540	22.340	31.416	0.1080	0.320	0.450	0.700	10.804	26.529	31.416	0.1548	0.380	0.450	0.700	30.473	44.680	-19.199	0.4365	0.640	-0.275	0.700	9.512	25.482	31.416	0.1362	0.365	0.450	0.700	3.124	14.137	33.161	0.0447	0.203	0.475	0.700	8.587	-0.349	5.236	0.1230	-0.005	0.075	0.700	0.384	4.887	31.416	0.0055	0.070	0.450	0.700	3.560	17.453	43.633	0.0510	0.250	0.625								0.700	2.775	15.359	43.633	0.0398	0.220	0.625	0.700	1.100	9.425	43.633	0.0158	0.135	0.625	0.700	1.431	11.345	43.633	0.0205	0.163	0.625
0.750	0.000	0.000	0.000	0.0000	0.000	0.000	0.750	0.000	0.000	0.000	0.0000	0.000	0.000								0.750	0.000	0.000	0.000	0.0000	0.000	0.000	0.750	2.601	8.552	13.963	0.0372	0.123	0.200	0.750	11.170	23.213	24.435	0.1600	0.332	0.350	0.750	2.653	8.378	12.217	0.0380	0.120	0.175	0.750	3.979	10.297	13.963	0.0570	0.148	0.200	0.750	0.000	0.175	0.000	0.0000	0.003	0.000	0.750	-3.735	-2.094	-1.745	-0.0535	-0.030	-0.025	0.750	-6.126	-12.915	-13.963	-0.0878	-0.185	-0.200	0.750	6.475	13.265	13.963	0.0927	0.190	0.200	0.750	1.763	7.156	15.708	0.0253	0.103	0.225	0.750	4.276	10.821	12.217	0.0612	0.155	0.175	0.750	3.054	12.741	24.435	0.0438	0.183	0.350	0.750	1.518	8.552	22.689	0.0218	0.123	0.325	0.750	9.233	20.944	24.435	0.1322	0.300	0.350	0.750	5.637	16.232	24.435	0.0808	0.233	0.350	0.750	14.975	27.925	26.180	0.2145	0.400	0.375	0.750	10.297	22.166	24.435	0.1475	0.318	0.350	0.750	12.985	29.322	34.907	0.1860	0.420	0.500	0.750	-0.017	0.000	0.000	-2.5000E-4	0.000	0.000	0.750	8.692	23.911	33.161	0.1245	0.343	0.475	0.750	12.165	28.100	33.161	0.1743	0.403	0.475	0.750	32.673	43.633	-17.453	0.4680	0.625	-0.250	0.750	10.821	26.878	31.416	0.1550	0.385	0.450	0.750	3.875	15.708	33.161	0.0555	0.225	0.475	0.750	8.570	-0.175	1.815E-13	0.1227	-0.003	5.204E-17	0.750	0.663	6.458	33.161	0.0095	0.093	0.475	0.750	4.485	19.548	40.143	0.0642	0.280	0.575								0.750	3.595	17.628	43.633	0.0515	0.253	0.625	0.750	1.623	11.694	43.633	0.0233	0.168	0.625	0.750	2.059	13.439	40.143	0.0295	0.193	0.575
0.800	0.000	0.000	0.000	0.0000	0.000	0.000	0.800	0.000	0.000		0.0000	0.000									0.800	0.000	0.000	0.000	0.0000	0.000	0.000	0.800	3.054	9.250	12.217	0.0438	0.132	0.175	0.800	12.357	24.435	24.435	0.1770	0.350	0.350	0.800	3.089	9.076	15.708	0.0442	0.130	0.225	0.800	4.520	10.996	12.217	0.0647	0.157	0.175	0.800	0.017	0.000	-10.472	2.5000E-4	0.000	-0.150	0.800	-3.840	-2.443	-8.727	-0.0550	-0.035	-0.125	0.800	-6.789	-13.614	-13.963	-0.0973	-0.195	-0.200	0.800	7.156	13.963	12.217	0.1025	0.200	0.175	0.800	2.147	7.854	12.217	0.0308	0.112	0.175	0.800	4.835	11.519	13.963	0.0692	0.165	0.200	0.800	3.718	13.963	24.435	0.0533	0.200	0.350	0.800	1.972	9.774	24.435	0.0283	0.140	0.350	0.800	10.315	22.340	24.435	0.1477	0.320	0.350	0.800	6.493	17.453	22.689	0.0930	0.250	0.325	0.800	16.406	29.322	24.435	0.2350	0.420	0.350	0.800	11.432	23.387	24.435	0.1637	0.335	0.350	0.800	14.504	31.067	33.161	0.2078	0.445	0.475	0.800	-0.017	0.000	0.000	-2.5000E-4	0.000	0.000	0.800	9.931	25.656	34.907	0.1423	0.367	0.500	0.800	13.614	29.845	34.907	0.1950	0.427	0.500	0.800	34.837	42.935	-15.708	0.4990	0.615	-0.225	0.800	12.200	28.623	34.907	0.1748	0.410	0.500	0.800	4.695	17.453	36.652	0.0672	0.250	0.525	0.800	8.570	-0.349	-5.236	0.1227	-0.005	-0.075	0.800	1.030	8.203	34.907	0.0147	0.117	0.500	0.800	5.515	21.468	40.143	0.0790	0.307	0.575								0.800	4.538	19.722	40.143	0.0650	0.282	0.575	0.800	2.269	13.788	38.397	0.0325	0.197	0.550	0.800	2.775	15.359	41.888	0.0398	0.220	0.600
0.850	0.000	0.000	0.000	0.0000	0.000	0.000															0.850	0.000	0.000		0.0000	0.000		0.850	3.526	9.774	12.217	0.0505	0.140	0.175	0.850	13.614	25.656	22.689	0.1950	0.368	0.325	0.850	3.560	9.948	15.708	0.0510	0.143	0.225	0.850	5.079	11.519	12.217	0.0727	0.165	0.175	0.850	0.000	-0.873	-13.963	0.0000	-0.013	-0.200	0.850	-3.979	-2.967	-5.236	-0.0570	-0.043	-0.075	0.850	-7.487	-14.312	-12.217	-0.1072	-0.205	-0.175	0.850	7.871	14.486	10.472	0.1127	0.207	0.150	0.850	2.548	8.378	12.217	0.0365	0.120	0.175	0.850	5.428	12.217	12.217	0.0777	0.175	0.175	0.850	4.451	15.184	22.689	0.0637	0.218	0.325	0.850	2.496	10.996	24.435	0.0358	0.158	0.350	0.850	11.467	23.387	20.944	0.1642	0.335	0.300	0.850	7.383	18.500	24.435	0.1057	0.265	0.350	0.850	17.907	30.369	20.944	0.2565	0.435	0.300	0.850	12.636	24.609	22.689	0.1810	0.353	0.325	0.850	16.092	32.638	31.416	0.2305	0.467	0.450	0.850	-0.017	0.000	0.000	-2.5000E-4	0.000	0.000	0.850	11.257	27.402	33.161	0.1612	0.392	0.475	0.850	15.149	31.590	33.161	0.2170	0.452	0.475	0.850	36.966	42.062	-17.453	0.5295	0.603	-0.250	0.850	13.683	30.369	33.161	0.1960	0.435	0.475	0.850	5.620	19.373	34.907	0.0805	0.278	0.500	0.850	8.535	-0.698	-5.236	0.1222	-0.010	-0.075	0.850	1.484	9.948	33.161	0.0213	0.143	0.475	0.850	6.632	23.562	41.888	0.0950	0.338	0.600								0.850	5.568	21.642	38.397	0.0797	0.310	0.550	0.850	3.002	15.533	38.397	0.0430	0.223	0.550	0.850	3.595	17.628	43.633	0.0515	0.253	0.625
0.900	0.000	0.000	0.000	0.0000	0.000	0.000																						0.900	4.032	10.472	13.963	0.0578	0.150	0.200	0.900	14.923	26.704	20.944	0.2137	0.383	0.300	0.900	4.084	10.647	12.217	0.0585	0.153	0.175	0.900	5.672	12.217	12.217	0.0812	0.175	0.175	0.900	-0.070	-1.396	-3.491	-0.0010	-0.020	-0.050	0.900	-4.136	-2.967	3.491	-0.0593	-0.042	0.050	0.900	-8.220	-14.835	-12.217	-0.1177	-0.213	-0.175	0.900	8.604	15.010	12.217	0.1232	0.215	0.175	0.900	2.985	9.076	13.963	0.0428	0.130	0.200	0.900	6.056	12.741	12.217	0.0867	0.183	0.175	0.900	5.236	16.232	22.689	0.0750	0.233	0.325	0.900	3.072	12.217	24.435	0.0440	0.175	0.350	0.900	12.654	24.435	24.435	0.1812	0.350	0.350	0.900	8.343	19.897	26.180	0.1195	0.285	0.375	0.900	19.443	31.416	22.689	0.2785	0.450	0.325	0.900	13.893	25.656	22.689	0.1990	0.368	0.325	0.900	17.767	34.208	33.161	0.2545	0.490	0.475	0.900	-0.017	0.000	0.000	-2.5000E-4	0.000	0.000	0.900	12.671	28.972	31.416	0.1815	0.415	0.450	0.900	16.773	33.161	31.416	0.2403	0.475	0.450	0.900	39.043	41.190	-15.708	0.5592	0.590	-0.225	0.900	15.237	31.940	31.416	0.2182	0.458	0.450	0.900	6.632	20.944	31.416	0.0950	0.300	0.450	0.900	8.500	-0.873	-3.491	0.1217	-0.013	-0.050	0.900	2.025	11.519	31.416	0.0290	0.165	0.450	0.900	7.871	25.656	41.888	0.1127	0.368	0.600								0.900	6.702	23.562	40.143	0.0960	0.338	0.575	0.900	3.822	17.628	41.888	0.0548	0.253	0.600	0.900	4.538	19.722	41.888	0.0650	0.283	0.600
0.950	0.000	0.000	0.000	0.0000	0.000	0.000																						0.950	4.573	11.170	13.963	0.0655	0.160	0.200	0.950	16.284	27.751	20.944	0.2333	0.398	0.300	0.950	4.625	11.170	12.217	0.0662	0.160	0.175	0.950	6.301	12.741	12.217	0.0902	0.183	0.175	0.950	-0.140	-1.222	5.236	-0.0020	-0.018	0.075	0.950	-4.276	-2.618	10.472	-0.0612	-0.037	0.150	0.950	-8.971	-15.533	-13.963	-0.1285	-0.223	-0.200	0.950	9.372	15.708	13.963	0.1342	0.225	0.200	0.950	3.456	9.774	13.963	0.0495	0.140	0.200	0.950	6.702	13.439	13.963	0.0960	0.192	0.200	0.950	6.074	17.453	24.435	0.0870	0.250	0.350	0.950	3.718	13.439	22.689	0.0533	0.193	0.325	0.950	13.910	25.831	24.435	0.1993	0.370	0.350	0.950	9.372	21.118	22.689	0.1342	0.302	0.325	0.950	21.049	32.638	22.689	0.3015	0.467	0.325	0.950	15.202	26.878	24.435	0.2177	0.385	0.350	0.950	19.513	35.954	34.907	0.2795	0.515	0.500	0.950	-0.017	0.000	0.000	-2.5000E-4	0.000	0.000	0.950	14.155	30.543	33.161	0.2028	0.438	0.475	0.950	18.466	34.732	33.161	0.2645	0.498	0.475	0.950	41.085	40.492	-15.708	0.5885	0.580	-0.225	0.950	16.877	33.510	31.416	0.2417	0.480	0.450	0.950	7.714	22.515	33.161	0.1105	0.323	0.475	0.950	8.447	-1.047	1.745	0.1210	-0.015	0.025	0.950	2.635	13.090	33.161	0.0378	0.188	0.475	0.950	9.198	27.751	41.888	0.1318	0.398	0.600								0.950	7.924	25.656	43.633	0.1135	0.368	0.625	0.950	4.765	19.722	40.143	0.0683	0.283	0.575	0.950	5.568	21.817	43.633	0.0797	0.313	0.625
1.000	0.000	0.000	0.000	0.0000	0.000	0.000																						1.000	5.149	11.868	13.963	0.0737	0.170	0.200	1.000	17.698	28.798	22.689	0.2535	0.413	0.325	1.000	5.201	11.868	13.963	0.0745	0.170	0.200	1.000	6.946	13.439	13.963	0.0995	0.193	0.200	1.000	-0.192	-0.873	5.236	-0.0027	-0.013	0.075	1.000	-4.398	-1.920	12.217	-0.0630	-0.028	0.175	1.000	-9.774	-16.232	-13.963	-0.1400	-0.233	-0.200	1.000	10.175	16.406	12.217	0.1457	0.235	0.175	1.000	3.962	10.472	13.963	0.0568	0.150	0.200	1.000	7.400	14.137	12.217	0.1060	0.203	0.175	1.000	6.981	18.675	22.689	0.1000	0.268	0.325	1.000	4.416	14.486	22.689	0.0632	0.208	0.325	1.000	15.237	26.878	20.944	0.2182	0.385	0.300	1.000	10.455	22.166	20.944	0.1497	0.318	0.300	1.000	22.707	33.685	20.944	0.3252	0.483	0.300	1.000	16.581	28.100	22.689	0.2375	0.403	0.325	1.000	21.363	37.699	33.161	0.3060	0.540	0.475	1.000	-0.017	0.000	1.745	-2.5000E-4	0.000	0.025	1.000	15.725	32.289	34.907	0.2253	0.462	0.500	1.000	20.246	36.477	34.907	0.2900	0.523	0.500	1.000	43.092	39.619	-17.453	0.6173	0.567	-0.250	1.000	18.588	35.081	31.416	0.2662	0.503	0.450	1.000	8.884	24.260	33.161	0.1272	0.347	0.475	1.000	8.395	-0.698	5.236	0.1202	-0.010	0.075	1.000	3.334	14.835	33.161	0.0478	0.213	0.475	1.000	10.647	29.845	41.888	0.1525	0.428	0.600								1.000	9.268	27.925	41.888	0.1328	0.400	0.600	1.000	5.794	21.642	40.143	0.0830	0.310	0.575	1.000	6.720	24.086	43.633	0.0962	0.345	0.625
1.050	0.000	0.000	0.000	0.0000	0.000	0.000																						1.050	5.760	12.566	12.217	0.0825	0.180	0.175	1.050	19.164	30.020	24.435	0.2745	0.430	0.350	1.050	5.812	12.566	12.217	0.0833	0.180	0.175	1.050	7.645	14.137	12.217	0.1095	0.202	0.175	1.050	-0.227	-0.698	5.236	-0.0033	-0.010	0.075	1.050	-4.468	-1.396	3.491	-0.0640	-0.020	0.050	1.050	-10.594	-16.930	-13.963	-0.1517	-0.242	-0.200	1.050	11.013	16.930	10.472	0.1577	0.242	0.150	1.050	4.503	11.170	12.217	0.0645	0.160	0.175	1.050	8.116	14.661	13.963	0.1163	0.210	0.200	1.050	7.941	19.722	20.944	0.1137	0.282	0.300	1.050	5.166	15.708	24.435	0.0740	0.225	0.350	1.050	16.598	27.925	22.689	0.2378	0.400	0.325	1.050	11.589	23.213	24.435	0.1660	0.332	0.350	1.050	24.417	34.732	20.944	0.3498	0.497	0.300	1.050	18.012	29.147	22.689	0.2580	0.417	0.325	1.050	23.283	39.270	31.416	0.3335	0.562	0.450	1.050	-0.017	0.175	1.745	-2.5000E-4	0.002	0.025	1.050	17.383	34.034	33.161	0.2490	0.487	0.475	1.050	22.113	38.223	33.161	0.3168	0.547	0.475	1.050	45.047	38.746	-17.453	0.6452	0.555	-0.250	1.050	20.385	36.652	33.161	0.2920	0.525	0.475	1.050	10.140	25.831	31.416	0.1452	0.370	0.450	1.050	8.378	-0.524	1.745	0.1200	-0.007	0.025	1.050	4.119	16.406	31.416	0.0590	0.235	0.450	1.050	12.182	31.940	41.888	0.1745	0.457	0.600								1.050	10.716	29.845	38.397	0.1535	0.427	0.550	1.050	6.929	23.736	41.888	0.0992	0.340	0.600	1.050	7.976	26.180	41.888	0.1143	0.375	0.600
1.100	0.000	0.000	0.000	0.0000	0.000	0.000																						1.100	6.405	13.090	12.217	0.0917	0.187	0.175	1.100	20.700	31.241	22.689	0.2965	0.447	0.325	1.100	6.458	13.090	12.217	0.0925	0.187	0.175	1.100	8.360	14.661	13.963	0.1197	0.210	0.200	1.100	-0.262	-0.349	5.236	-0.0037	-0.005	0.075	1.100	-4.538	-1.571	5.236	-0.0650	-0.022	0.075	1.100	-11.467	-17.628	-10.472	-0.1642	-0.252	-0.150	1.100	11.868	17.453	12.217	0.1700	0.250	0.175	1.100	5.079	11.694	12.217	0.0727	0.167	0.175	1.100	8.866	15.533	15.708	0.1270	0.222	0.225	1.100	8.954	20.769	22.689	0.1282	0.297	0.325	1.100	5.986	16.930	24.435	0.0858	0.242	0.350	1.100	18.029	29.147	22.689	0.2582	0.417	0.325	1.100	12.776	24.609	26.180	0.1830	0.352	0.375	1.100	26.180	35.779	22.689	0.3750	0.512	0.325	1.100	19.495	30.369	22.689	0.2793	0.435	0.325	1.100	25.290	40.841	31.416	0.3623	0.585	0.450	1.100	0.000	0.175	0.000	0.0000	0.002	0.000	1.100	19.129	35.605	31.416	0.2740	0.510	0.450	1.100	24.068	39.794	33.161	0.3447	0.570	0.475	1.100	46.967	37.874	-50.615	0.6727	0.542	-0.725	1.100	22.253	38.397	34.907	0.3188	0.550	0.500	1.100	11.467	27.402	33.161	0.1642	0.392	0.475	1.100	8.343	-0.524	0.000	0.1195	-0.007	-1.388E-15	1.100	4.974	17.977	33.161	0.0712	0.257	0.475	1.100	13.840	34.034	40.143	0.1983	0.487	0.575								1.100	12.252	31.765	40.143	0.1755	0.455	0.575	1.100	8.168	25.831	40.143	0.1170	0.370	0.575	1.100	9.338	28.274	41.888	0.1338	0.405	0.600
1.150	0.000	0.000	0.000	0.0000	0.000	0.000																						1.150	7.069	13.788	13.963	0.1012	0.197	0.200	1.150	22.288	32.289	19.199	0.3193	0.462	0.275	1.150	7.121	13.788	15.708	0.1020	0.197	0.225	1.150	9.111	15.533	15.708	0.1305	0.222	0.225	1.150	-0.262	-0.175	1.745	-0.0037	-0.003	0.025	1.150	-4.625	-0.873	33.161	-0.0662	-0.013	0.475	1.150	-12.357	-17.977	-10.472	-0.1770	-0.257	-0.150	1.150	12.758	18.151	15.708	0.1827	0.260	0.225	1.150	5.672	12.392	15.708	0.0812	0.177	0.225	1.150	9.669	16.232	12.217	0.1385	0.232	0.175	1.150	10.018	21.991	24.435	0.1435	0.315	0.350	1.150	6.859	18.151	22.689	0.0983	0.260	0.325	1.150	19.513	30.194	22.689	0.2795	0.432	0.325	1.150	14.050	25.831	22.689	0.2012	0.370	0.325	1.150	27.995	37.001	15.708	0.4010	0.530	0.225	1.150	21.049	31.416	20.944	0.3015	0.450	0.300	1.150	27.367	42.411	33.161	0.3920	0.607	0.475	1.150	0.000	0.175	1.745	0.0000	0.002	0.025	1.150	20.944	37.176	31.416	0.3000	0.532	0.450	1.150	26.093	41.539	33.161	0.3738	0.595	0.475	1.150	48.834	33.685	-129.154	0.6995	0.482	-1.850	1.150	24.225	40.143	31.416	0.3470	0.575	0.450	1.150	12.881	29.147	34.907	0.1845	0.417	0.500	1.150	8.325	-0.524	-1.110E-14	0.1193	-0.008	-1.561E-15	1.150	5.917	19.722	31.416	0.0848	0.282	0.450	1.150	15.586	35.954	40.143	0.2233	0.515	0.575								1.150	13.893	33.859	41.888	0.1990	0.485	0.600	1.150	9.512	27.751	38.397	0.1362	0.397	0.550	1.150	10.804	30.369	40.143	0.1548	0.435	0.575
1.200	0.000	0.000	0.000	0.0000	0.000	0.000																						1.200	7.784	14.486	12.217	0.1115	0.208	0.175	1.200	23.928	33.161	19.199	0.3427	0.475	0.275	1.200	7.837	14.661	15.708	0.1122	0.210	0.225	1.200	9.913	16.232	10.472	0.1420	0.233	0.150	1.200	-0.279	-0.175	3.491	-0.0040	-0.003	0.050	1.200	-4.625	1.745	54.105	-0.0662	0.025	0.775	1.200	-13.265	-18.675	-13.963	-0.1900	-0.268	-0.200	1.200	13.683	19.024	15.708	0.1960	0.273	0.225	1.200	6.318	13.265	15.708	0.0905	0.190	0.225	1.200	10.489	16.755	12.217	0.1502	0.240	0.175	1.200	11.153	23.213	22.689	0.1597	0.333	0.325	1.200	7.802	19.199	22.689	0.1117	0.275	0.325	1.200	21.049	31.416	24.435	0.3015	0.450	0.350	1.200	15.359	26.878	22.689	0.2200	0.385	0.325	1.200	29.880	37.350	-12.217	0.4280	0.535	-0.175	1.200	22.637	32.463	24.435	0.3242	0.465	0.350	1.200	29.531	44.157	33.161	0.4230	0.633	0.475	1.200	0.017	0.349	1.745	2.5000E-4	0.005	0.025	1.200	22.846	38.746	31.416	0.3272	0.555	0.450	1.200	28.222	43.110	29.671	0.4043	0.618	0.425	1.200	50.335	24.958	-209.439	0.7210	0.358	-3.000	1.200	26.267	41.539	29.671	0.3763	0.595	0.425	1.200	14.382	30.892	33.161	0.2060	0.443	0.475	1.200	8.290	-0.524	3.491	0.1187	-0.008	0.050	1.200	6.946	21.118	29.671	0.0995	0.303	0.425	1.200	17.436	38.048	40.143	0.2497	0.545	0.575								1.200	15.638	35.954	41.888	0.2240	0.515	0.600	1.200	10.943	29.671	40.143	0.1568	0.425	0.575	1.200	12.374	32.289	38.397	0.1772	0.463	0.550
1.250	0.000	0.000	0.000	0.0000	0.000	0.000																						1.250	8.517	15.010	12.217	0.1220	0.215	0.175	1.250	25.604	34.208	15.708	0.3668	0.490	0.225	1.250	8.587	15.359	12.217	0.1230	0.220	0.175	1.250	10.734	16.581	10.472	0.1537	0.238	0.150	1.250	-0.279	0.175	3.491	-0.0040	0.003	0.050	1.250	-4.451	4.538	50.615	-0.0637	0.065	0.725	1.250	-14.224	-19.373	-13.963	-0.2038	-0.278	-0.200	1.250	14.661	19.722	12.217	0.2100	0.283	0.175	1.250	6.999	13.963	12.217	0.1003	0.200	0.175	1.250	11.345	17.453	12.217	0.1625	0.250	0.175	1.250	12.339	24.260	22.689	0.1767	0.348	0.325	1.250	8.779	20.420	24.435	0.1258	0.293	0.350	1.250	22.654	32.638	22.689	0.3245	0.468	0.325	1.250	16.738	28.100	24.435	0.2398	0.403	0.350	1.250	31.730	35.779	-40.143	0.4545	0.513	-0.575	1.250	24.295	33.859	24.435	0.3480	0.485	0.350	1.250	31.782	45.728	31.416	0.4552	0.655	0.450	1.250	0.035	0.349	-7.772E-15	5.0000E-4	0.005	-1.128E-16	1.250	24.819	40.317	33.161	0.3555	0.578	0.475	1.250	30.404	44.506	31.416	0.4355	0.638	0.450	1.250	51.330	12.741	-225.147	0.7353	0.183	-3.225	1.250	28.379	43.110	33.161	0.4065	0.618	0.475	1.250	15.970	32.463	29.671	0.2288	0.465	0.425	1.250	8.273	-0.175	3.491	0.1185	-0.003	0.050	1.250	8.029	22.689	34.907	0.1150	0.325	0.500	1.250	19.391	39.968	40.143	0.2778	0.573	0.575								1.250	17.488	38.048	40.143	0.2505	0.545	0.575	1.250	12.479	31.765	41.888	0.1787	0.455	0.600	1.250	14.032	34.208	40.143	0.2010	0.490	0.575
1.300	0.000	0.000	0.000	0.0000	0.000	0.000																						1.300	9.285	15.708	13.963	0.1330	0.225	0.200	1.300	27.349	34.732	8.727	0.3917	0.497	0.125	1.300	9.372	15.882	12.217	0.1342	0.227	0.175	1.300	11.572	17.279	13.963	0.1657	0.247	0.200	1.300	-0.262	0.175	-1.745	-0.0037	0.003	-0.025	1.300	-4.171	6.807	36.652	-0.0598	0.097	0.525	1.300	-15.202	-20.071	-13.963	-0.2177	-0.287	-0.200	1.300	15.656	20.246	12.217	0.2242	0.290	0.175	1.300	7.714	14.486	12.217	0.1105	0.207	0.175	1.300	12.235	17.977	12.217	0.1753	0.257	0.175	1.300	13.579	25.482	24.435	0.1945	0.365	0.350	1.300	9.844	21.642	22.689	0.1410	0.310	0.325	1.300	24.312	33.685	20.944	0.3483	0.482	0.300	1.300	18.169	29.322	24.435	0.2602	0.420	0.350	1.300	33.458	33.336	-38.397	0.4793	0.477	-0.550	1.300	26.023	34.907	20.944	0.3728	0.500	0.300	1.300	34.104	47.298	31.416	0.4885	0.677	0.450	1.300	0.052	0.349	-1.745	7.5000E-4	0.005	-0.025	1.300	26.878	42.062	34.907	0.3850	0.602	0.500	1.300	32.673	46.251	34.907	0.4680	0.662	0.500	1.300	51.609	2.443	-134.390	0.7392	0.035	-1.925	1.300	30.578	44.855	33.161	0.4380	0.642	0.475	1.300	17.628	33.859	31.416	0.2525	0.485	0.450	1.300	8.273	-0.175	1.815E-13	0.1185	-0.003	5.638E-17	1.300	9.215	24.609	34.907	0.1320	0.352	0.500	1.300	21.433	42.062	41.888	0.3070	0.602	0.600								1.300	19.443	39.968	38.397	0.2785	0.572	0.550	1.300	14.120	33.859	41.888	0.2023	0.485	0.600	1.300	15.795	36.303	41.888	0.2262	0.520	0.600
1.350	0.000	0.000	0.000	0.0000	0.000	0.000																						1.350	10.088	16.406	13.963	0.1445	0.235	0.200	1.350	29.077	35.081	13.963	0.4165	0.502	0.200	1.350	10.175	16.581	13.963	0.1457	0.237	0.200	1.350	12.462	17.977	13.963	0.1785	0.257	0.200	1.350	-0.262	0.000	-1.745	-0.0037	0.000	-0.025	1.350	-3.770	8.203	15.708	-0.0540	0.117	0.225	1.350	-16.232	-20.769	-12.217	-0.2325	-0.297	-0.175	1.350	16.685	20.944	12.217	0.2390	0.300	0.175	1.350	8.447	15.184	13.963	0.1210	0.217	0.200	1.350	13.142	18.675	15.708	0.1883	0.267	0.225	1.350	14.888	26.704	22.689	0.2133	0.382	0.325	1.350	10.943	22.689	22.689	0.1568	0.325	0.325	1.350	26.023	34.732	22.689	0.3728	0.497	0.325	1.350	19.670	30.543	22.689	0.2817	0.437	0.325	1.350	35.064	31.940	-24.435	0.5022	0.457	-0.350	1.350	27.786	35.954	22.689	0.3980	0.515	0.325	1.350	36.512	48.869	31.416	0.5230	0.700	0.450	1.350	0.070	0.175	-3.491	0.0010	0.002	-0.050	1.350	29.025	43.808	31.416	0.4158	0.627	0.450	1.350	35.029	47.997	33.161	0.5018	0.687	0.475	1.350	51.574	-0.698		0.7387	-0.010		1.350	32.865	46.426	31.416	0.4708	0.665	0.450	1.350	19.356	35.605	34.907	0.2772	0.510	0.500	1.350	8.255	-0.175	1.745	0.1183	-0.003	0.025	1.350	10.489	26.180	31.416	0.1502	0.375	0.450	1.350	23.597	44.157	41.888	0.3380	0.632	0.600								1.350	21.485	41.888	40.143	0.3078	0.600	0.575	1.350	15.865	35.954	41.888	0.2273	0.515	0.600	1.350	17.663	38.397	41.888	0.2530	0.550	0.600
1.400	0.000	0.000	0.000	0.0000	0.000	0.000																						1.400	10.926	17.104	13.963	0.1565	0.245	0.200	1.400	30.857	36.128	20.944	0.4420	0.517	0.300	1.400	11.030	17.279	12.217	0.1580	0.247	0.175	1.400	13.369	18.675	13.963	0.1915	0.268	0.200	1.400	-0.262	0.000	0.000	-0.0037	0.000	0.000	1.400	-3.351	8.378	2.309E-13	-0.0480	0.120	2.637E-15	1.400	-17.279	-21.293	-12.217	-0.2475	-0.305	-0.175	1.400	17.750	21.468	12.217	0.2543	0.307	0.175	1.400	9.233	15.882	12.217	0.1322	0.228	0.175	1.400	14.102	19.548	15.708	0.2020	0.280	0.225	1.400	16.249	27.751	22.689	0.2328	0.397	0.325	1.400	12.113	23.911	22.689	0.1735	0.342	0.325	1.400	27.786	35.954	24.435	0.3980	0.515	0.350	1.400	21.223	31.590	20.944	0.3040	0.452	0.300	1.400	36.652	30.892	-36.652	0.5250	0.442	-0.525	1.400	29.618	37.176	22.689	0.4243	0.532	0.325	1.400	38.991	50.440	33.161	0.5585	0.722	0.475	1.400	0.070	0.000	-1.745	0.0010	0.000	-0.025	1.400	31.259	45.204	29.671	0.4478	0.647	0.425	1.400	37.472	49.567	31.416	0.5368	0.710	0.450								1.400	35.221	47.997	29.671	0.5045	0.687	0.425	1.400	21.188	37.350	31.416	0.3035	0.535	0.450	1.400	8.255	0.000	3.491	0.1183	0.000	0.050	1.400	11.833	27.751	33.161	0.1695	0.397	0.475	1.400	25.848	46.251	41.888	0.3703	0.662	0.600								1.400	23.632	43.982	41.888	0.3385	0.630	0.600	1.400	17.715	38.048	41.888	0.2538	0.545	0.600	1.400	19.635	40.492	40.143	0.2812	0.580	0.575
1.450	0.000	0.000	0.000	0.0000	0.000	0.000																						1.450	11.798	17.802	12.217	0.1690	0.255	0.175	1.450	32.690	37.176	20.944	0.4682	0.533	0.300	1.450	11.903	17.802	12.217	0.1705	0.255	0.175	1.450	14.329	19.373	12.217	0.2052	0.278	0.175	1.450	-0.262	0.000	0.000	-0.0037	0.000	0.000	1.450	-2.932	8.203	-3.491	-0.0420	0.118	-0.050	1.450	-18.361	-21.991	-12.217	-0.2630	-0.315	-0.175	1.450	18.832	22.166	15.708	0.2697	0.318	0.225	1.450	10.036	16.406	12.217	0.1438	0.235	0.175	1.450	15.097	20.246	12.217	0.2162	0.290	0.175	1.450	17.663	28.972	22.689	0.2530	0.415	0.325	1.450	13.334	24.958	20.944	0.1910	0.358	0.300	1.450	29.618	37.176	22.689	0.4243	0.533	0.325	1.450	22.829	32.638	22.689	0.3270	0.468	0.325	1.450	38.153	28.274	-68.068	0.5465	0.405	-0.975	1.450	31.503	38.223	22.689	0.4512	0.548	0.325	1.450	41.556	52.185	29.671	0.5953	0.748	0.425	1.450	0.070	0.000	0.000	0.0010	0.000	0.000	1.450	33.545	46.775	33.161	0.4805	0.670	0.475	1.450	39.985	51.138	24.435	0.5727	0.733	0.350								1.450	37.664	49.393	29.671	0.5395	0.708	0.425	1.450	23.091	38.746	29.671	0.3307	0.555	0.425	1.450	8.255	0.175	0.000	0.1183	0.003	0.000	1.450	13.265	29.496	31.416	0.1900	0.423	0.450	1.450	28.222	48.346	40.143	0.4043	0.693	0.575								1.450	25.883	46.077	41.888	0.3708	0.660	0.600	1.450	19.670	40.143	40.143	0.2817	0.575	0.575	1.450	21.712	42.411	38.397	0.3110	0.608	0.550
1.500	0.000	0.000	0.000	0.0000	0.000	0.000																						1.500	12.706	18.326	10.472	0.1820	0.263	0.150	1.500	34.575	38.223	22.689	0.4953	0.548	0.325	1.500	12.811	18.500	13.963	0.1835	0.265	0.200	1.500	15.307	19.897	12.217	0.2193	0.285	0.175	1.500	-0.262	0.000	0.000	-0.0037	0.000	0.000	1.500	-2.531	8.029	-1.745	-0.0362	0.115	-0.025	1.500	-19.478	-22.515	-10.472	-0.2790	-0.323	-0.150	1.500	19.967	23.038	13.963	0.2860	0.330	0.200	1.500	10.873	17.104	13.963	0.1557	0.245	0.200	1.500	16.127	20.769	12.217	0.2310	0.298	0.175	1.500	19.146	30.020	20.944	0.2742	0.430	0.300	1.500	14.608	26.005	22.689	0.2092	0.373	0.325	1.500	31.503	38.223	22.689	0.4512	0.548	0.325	1.500	24.487	33.859	26.180	0.3508	0.485	0.375	1.500	39.479	24.086	-102.974	0.5655	0.345	-1.475	1.500	33.441	39.444	24.435	0.4790	0.565	0.350	1.500	44.209	53.407	-10.472	0.6333	0.765	-0.150	1.500	0.070	0.000	1.745	0.0010	0.000	0.025	1.500	35.936	48.520	31.416	0.5148	0.695	0.450	1.500	42.586	52.011	5.236	0.6100	0.745	0.075								1.500	40.160	50.964	33.161	0.5753	0.730	0.475	1.500	25.063	40.317	31.416	0.3590	0.578	0.450	1.500	8.273	0.000	-5.236	0.1185	0.000	-0.075	1.500	14.783	30.892	29.671	0.2117	0.443	0.425	1.500	30.683	50.265	41.888	0.4395	0.720	0.600								1.500	28.239	48.171	41.888	0.4045	0.690	0.600	1.500	21.729	42.062	40.143	0.3113	0.603	0.575	1.500	23.876	44.331	40.143	0.3420	0.635	0.575
1.550	0.000	0.000	0.000	0.0000	0.000	0.000																						1.550	13.631	18.850	12.217	0.1953	0.270	0.175	1.550	36.512	39.444	20.944	0.5230	0.565	0.300	1.550	13.753	19.199	13.963	0.1970	0.275	0.200	1.550	16.319	20.595	13.963	0.2338	0.295	0.200	1.550	-0.262	0.000	1.745	-0.0037	0.000	0.025	1.550	-2.129	8.029	-1.954E-13	-0.0305	0.115	-2.914E-15	1.550	-20.612	-23.038	-12.217	-0.2953	-0.330	-0.175	1.550	21.136	23.562	12.217	0.3028	0.337	0.175	1.550	11.746	17.802	13.963	0.1683	0.255	0.200	1.550	17.174	21.468	13.963	0.2460	0.307	0.200	1.550	20.665	31.067	24.435	0.2960	0.445	0.350	1.550	15.935	27.227	26.180	0.2282	0.390	0.375	1.550	33.441	39.444	24.435	0.4790	0.565	0.350	1.550	26.215	35.256	24.435	0.3755	0.505	0.350	1.550	40.561	17.977	-148.353	0.5810	0.258	-2.125	1.550	35.448	40.666	22.689	0.5078	0.582	0.325	1.550	46.897	51.138	-198.968	0.6718	0.732	-2.850	1.550	0.070	0.175	1.745	0.0010	0.002	0.025	1.550	38.397	49.916	29.671	0.5500	0.715	0.425	1.550	45.187	51.662	-10.472	0.6472	0.740	-0.150								1.550	42.761	52.709	26.180	0.6125	0.755	0.375	1.550	27.122	41.888	31.416	0.3885	0.600	0.450	1.550	8.255	-0.349	-8.727	0.1183	-0.005	-0.125	1.550	16.354	32.463	33.161	0.2342	0.465	0.475	1.550	33.249	52.534	43.633	0.4762	0.752	0.625								1.550	30.700	50.265	41.888	0.4398	0.720	0.600	1.550	23.876	44.157	43.633	0.3420	0.632	0.625	1.550	26.145	46.426	40.143	0.3745	0.665	0.575
1.600	0.000	0.000	0.000	0.0000	0.000	0.000																						1.600	14.591	19.548	13.963	0.2090	0.280	0.200	1.600	38.519	40.317	17.453	0.5517	0.577	0.250	1.600	14.731	19.897	13.963	0.2110	0.285	0.200	1.600	17.366	21.293	12.217	0.2487	0.305	0.175	1.600	-0.262	0.175	5.236	-0.0037	0.002	0.075	1.600	-1.728	8.029	-5.236	-0.0248	0.115	-0.075	1.600	-21.782	-23.736	-13.963	-0.3120	-0.340	-0.200	1.600	22.323	24.260	13.963	0.3198	0.347	0.200	1.600	12.654	18.500	13.963	0.1812	0.265	0.200	1.600	18.274	22.166	12.217	0.2617	0.317	0.175	1.600	22.253	32.463	24.435	0.3188	0.465	0.350	1.600	17.331	28.623	24.435	0.2483	0.410	0.350	1.600	35.448	40.666	22.689	0.5078	0.582	0.325	1.600	28.013	36.303	19.199	0.4012	0.520	0.275	1.600	41.277	9.250	-167.552	0.5913	0.133	-2.400	1.600	37.507	41.713	22.689	0.5373	0.597	0.325	1.600	49.323	33.510	-425.860	0.7065	0.480	-6.100	1.600	0.087	0.175	-1.745	0.0013	0.002	-0.025	1.600	40.928	51.487	29.671	0.5863	0.737	0.425	1.600	47.752	50.964	-13.963	0.6840	0.730	-0.200								1.600	45.431	53.582	8.727	0.6508	0.767	0.125	1.600	29.252	43.459	33.161	0.4190	0.622	0.475	1.600	8.238	-0.873	-13.963	0.1180	-0.013	-0.200	1.600	18.029	34.208	33.161	0.2582	0.490	0.475	1.600	35.936	54.629	41.888	0.5148	0.782	0.600								1.600	33.266	52.360	40.143	0.4765	0.750	0.575	1.600	26.145	46.426	41.888	0.3745	0.665	0.600	1.600	28.519	48.346	38.397	0.4085	0.692	0.550
1.650	0.000	0.000	0.000	0.0000	0.000	0.000																						1.650	15.586	20.246	13.963	0.2233	0.290	0.200	1.650	40.544	41.190	20.944	0.5807	0.590	0.300	1.650	15.743	20.595	12.217	0.2255	0.295	0.175	1.650	18.448	21.817	10.472	0.2642	0.312	0.150	1.650	-0.244	0.524	8.727	-0.0035	0.007	0.125	1.650	-1.326	7.505	-13.963	-0.0190	0.107	-0.200	1.650	-22.986	-24.435	-13.963	-0.3292	-0.350	-0.200	1.650	23.562	24.958	12.217	0.3375	0.357	0.175	1.650	13.596	19.199	12.217	0.1948	0.275	0.175	1.650	19.391	22.689	12.217	0.2778	0.325	0.175	1.650	23.911	33.510	20.944	0.3425	0.480	0.300	1.650	18.797	29.671	20.944	0.2692	0.425	0.300	1.650	37.507	41.713	20.944	0.5373	0.597	0.300	1.650	29.845	37.176	20.944	0.4275	0.532	0.300	1.650	41.486	1.222	-99.484	0.5943	0.017	-1.425	1.650	39.619	42.935	22.689	0.5675	0.615	0.325	1.650	50.248	8.552	-343.830	0.7198	0.122	-4.925	1.650	0.087	0.000	-1.745	0.0013	0.000	-0.025	1.650	43.546	52.883	17.453	0.6238	0.757	0.250	1.650	50.283	50.265	-15.708	0.7203	0.720	-0.225								1.650	48.119	53.582	-1.745	0.6893	0.767	-0.025	1.650	31.468	45.204	33.161	0.4508	0.647	0.475	1.650	8.168	-1.745	-15.708	0.1170	-0.025	-0.225	1.650	19.775	35.779	31.416	0.2833	0.512	0.450	1.650	38.711	56.723	41.888	0.5545	0.812	0.600								1.650	35.936	54.280	38.397	0.5148	0.777	0.550	1.650	28.519	48.346	38.397	0.4085	0.692	0.550	1.650	30.980	50.265	40.143	0.4438	0.720	0.575
1.700	0.000	0.000	0.000	0.0000	0.000	0.000																						1.700	16.616	20.944	13.963	0.2380	0.300	0.200	1.700	42.638	42.411	22.689	0.6108	0.608	0.325	1.700	16.790	21.118	10.472	0.2405	0.303	0.150	1.700	19.548	22.340	12.217	0.2800	0.320	0.175	1.700	-0.209	1.047	10.472	-0.0030	0.015	0.150	1.700	-0.977	6.632	-12.217	-0.0140	0.095	-0.175	1.700	-24.225	-25.133	-12.217	-0.3470	-0.360	-0.175	1.700	24.819	25.482	12.217	0.3555	0.365	0.175	1.700	14.573	19.722	10.472	0.2088	0.283	0.150	1.700	20.543	23.387	13.963	0.2942	0.335	0.200	1.700	25.604	34.558	22.689	0.3668	0.495	0.325	1.700	20.298	30.718	22.689	0.2907	0.440	0.325	1.700	39.619	42.761	22.689	0.5675	0.613	0.325	1.700	31.730	38.397	24.435	0.4545	0.550	0.350	1.700	41.399	-0.698	-10.472	0.5930	-0.010	-0.150	1.700	41.801	43.982	15.708	0.5987	0.630	0.225	1.700	50.178	-0.873	-87.266	0.7187	-0.012	-1.250	1.700	0.087	0.000	0.000	0.0013	0.000	0.000	1.700	46.216	53.233	1.745	0.6620	0.763	0.025	1.700	52.779	49.393	-17.453	0.7560	0.708	-0.250								1.700	50.789	53.407	-1.745	0.7275	0.765	-0.025	1.700	33.772	46.775	31.416	0.4838	0.670	0.450	1.700	8.063	-2.443	-13.963	0.1155	-0.035	-0.200	1.700	21.607	37.350	31.416	0.3095	0.535	0.450	1.700	41.609	58.818	38.397	0.5960	0.843	0.550								1.700	38.694	56.200	29.671	0.5543	0.805	0.425	1.700	30.980	50.265	40.143	0.4438	0.720	0.575	1.700	33.545	52.360	41.888	0.4805	0.750	0.600
1.750	0.000	0.000	0.000	0.0000	0.000	0.000																						1.750	17.680	21.642	12.217	0.2533	0.310	0.175	1.750	44.785	43.459	20.944	0.6415	0.623	0.300	1.750	17.855	21.642	12.217	0.2558	0.310	0.175	1.750	20.682	23.038	13.963	0.2963	0.330	0.200	1.750	-0.140	1.571	-2.442E-14	-0.0020	0.023	-3.296E-16	1.750	-0.663	6.283	-1.745	-0.0095	0.090	-0.025	1.750	-25.499	-25.656	-10.472	-0.3653	-0.368	-0.150	1.750	26.110	26.180	13.963	0.3740	0.375	0.200	1.750	15.568	20.246	12.217	0.2230	0.290	0.175	1.750	21.729	24.086	13.963	0.3113	0.345	0.200	1.750	27.367	35.779	22.689	0.3920	0.513	0.325	1.750	21.869	31.940	22.689	0.3133	0.458	0.325	1.750	41.783	43.982	24.435	0.5985	0.630	0.350	1.750	33.685	39.619	22.689	0.4825	0.568	0.325	1.750	41.417	0.175	5.236	0.5933	0.003	0.075	1.750	44.017	44.506	6.981	0.6305	0.638	0.100	1.750	50.161	-0.175	10.472	0.7185	-0.002	0.150	1.750	0.087	0.000	0.000	0.0013	0.000	0.000	1.750	48.869	53.058	-1.745	0.7000	0.760	-0.025	1.750	55.222	48.520	-15.708	0.7910	0.695	-0.225								1.750	53.459	53.407	-1.208E-12	0.7658	0.765	-1.665E-14	1.750	36.146	48.346	31.416	0.5178	0.693	0.450	1.750	7.924	-3.142	-12.217	0.1135	-0.045	-0.175	1.750	23.510	38.921	31.416	0.3367	0.558	0.450	1.750	44.593	60.563	27.925	0.6387	0.868	0.400								1.750	41.556	57.247	-1.745	0.5953	0.820	-0.025	1.750	33.545	52.360	40.143	0.4805	0.750	0.575	1.750	36.216	54.454	40.143	0.5188	0.780	0.575
1.800	0.000	0.000	0.000	0.0000	0.000	0.000																						1.800	18.780	22.166	10.472	0.2690	0.317	0.150	1.800	46.984	44.506	20.944	0.6730	0.638	0.300	1.800	18.954	22.340	13.963	0.2715	0.320	0.200	1.800	21.852	23.736	13.963	0.3130	0.340	0.200	1.800	-0.052	1.047	-13.963	-7.5000E-4	0.015	-0.200	1.800	-0.349	6.458	8.727	-0.0050	0.092	0.125	1.800	-26.791	-26.180	-12.217	-0.3838	-0.375	-0.175	1.800	27.437	26.878	12.217	0.3930	0.385	0.175	1.800	16.598	20.944	13.963	0.2378	0.300	0.200	1.800	22.951	24.784	12.217	0.3287	0.355	0.175	1.800	29.182	36.826	20.944	0.4180	0.527	0.300	1.800	23.492	32.987	20.944	0.3365	0.472	0.300	1.800	44.017	45.204	19.199	0.6305	0.647	0.275	1.800	35.692	40.666	20.944	0.5112	0.583	0.300	1.800	41.417	-0.175	-3.491	0.5933	-0.003	-0.050	1.800	46.251	44.680	-1.705E-12	0.6625	0.640	-3.331E-15	1.800	50.161	0.175	1.745	0.7185	0.002	0.025	1.800	0.087	0.000	0.000	0.0013	0.000	0.000	1.800	51.522	53.058	-1.745	0.7380	0.760	-0.025	1.800	57.631	47.822	-27.925	0.8255	0.685	-0.400								1.800	56.130	53.407	-1.745	0.8040	0.765	-0.025	1.800	38.607	49.916	31.416	0.5530	0.715	0.450	1.800	7.749	-3.665	-8.727	0.1110	-0.052	-0.125	1.800	25.499	40.492	31.416	0.3653	0.580	0.450	1.800	47.665	61.610	10.472	0.6827	0.882	0.150								1.800	44.419	56.025	-26.180	0.6362	0.802	-0.375	1.800	36.216	54.280	40.143	0.5188	0.777	0.575	1.800	38.991	56.374	33.161	0.5585	0.807	0.475
1.850	0.000	0.000	0.000	0.0000	0.000	0.000																						1.850	19.897	22.689	10.472	0.2850	0.325	0.150	1.850	49.236	45.553	17.453	0.7053	0.652	0.250	1.850	20.089	23.038	13.963	0.2878	0.330	0.200	1.850	23.056	24.435	12.217	0.3302	0.350	0.175	1.850	-0.035	0.175	-10.472	-5.0000E-4	0.002	-0.150	1.850	-0.017	7.156	8.727	-2.5000E-4	0.102	0.125	1.850	-28.117	-26.878	-13.963	-0.4027	-0.385	-0.200	1.850	28.798	27.402	10.472	0.4125	0.392	0.150	1.850	17.663	21.642	13.963	0.2530	0.310	0.200	1.850	24.208	25.307	12.217	0.3467	0.362	0.175	1.850	31.049	37.874	22.689	0.4448	0.542	0.325	1.850	25.168	34.034	22.689	0.3605	0.487	0.325	1.850	46.304	45.902	8.727	0.6633	0.657	0.125	1.850	37.751	41.713	20.944	0.5408	0.598	0.300	1.850	41.399	-0.175	0.000	0.5930	-0.003	1.110E-14	1.850	48.485	44.506	-1.745	0.6945	0.638	-0.025	1.850	50.178	0.000	-3.491	0.7187	0.000	-0.050	1.850	0.087	0.000	1.745	0.0013	0.000	0.025	1.850	54.175	52.883	-3.491	0.7760	0.757	-0.050	1.850	60.004	45.728	-123.918	0.8595	0.655	-1.775								1.850	58.800	53.233	-5.236	0.8423	0.762	-0.075	1.850	41.137	51.487	31.416	0.5893	0.737	0.450	1.850	7.557	-4.014	-10.472	0.1082	-0.058	-0.150	1.850	27.559	42.062	33.161	0.3948	0.602	0.475	1.850	50.754	61.610	-1.745	0.7270	0.882	-0.025								1.850	47.159	54.629	-15.708	0.6755	0.782	-0.225	1.850	38.973	56.374	41.888	0.5583	0.807	0.600	1.850	41.853	57.770	17.453	0.5995	0.827	0.250
1.900	0.000	0.000	0.000	0.0000	0.000	0.000																						1.900	21.049	23.213	12.217	0.3015	0.332	0.175	1.900	51.540	46.251	8.727	0.7382	0.662	0.125	1.900	21.258	23.736	13.963	0.3045	0.340	0.200	1.900	24.295	24.958	12.217	0.3480	0.357	0.175	1.900	-0.035	0.000	-3.491	-5.0000E-4	0.000	-0.050	1.900	0.367	7.330	-3.491	0.0052	0.105	-0.050	1.900	-29.479	-27.576	-12.217	-0.4222	-0.395	-0.175	1.900	30.177	27.925	12.217	0.4323	0.400	0.175	1.900	18.762	22.340	13.963	0.2687	0.320	0.200	1.900	25.482	26.005	13.963	0.3650	0.372	0.200	1.900	32.969	39.095	24.435	0.4722	0.560	0.350	1.900	26.896	35.256	24.435	0.3852	0.505	0.350	1.900	48.607	46.077	1.745	0.6963	0.660	0.025	1.900	39.863	42.761	22.689	0.5710	0.612	0.325	1.900	41.399	-0.175	-3.886E-15	0.5930	-0.002	1.105E-14	1.900	50.702	44.506	1.705E-12	0.7263	0.637	3.331E-15	1.900	50.161	-0.175	0.000	0.7185	-0.002	0.000	1.900	0.087	0.175	1.745	0.0013	0.002	0.025	1.900	56.810	52.709	-1.745	0.8137	0.755	-0.025	1.900	62.204	35.430	-315.905	0.8910	0.507	-4.525								1.900	61.453	52.883	-3.491	0.8802	0.757	-0.050	1.900	43.755	53.058	27.925	0.6268	0.760	0.400	1.900	7.348	-4.712	-6.981	0.1052	-0.067	-0.100	1.900	29.705	43.808	33.161	0.4255	0.627	0.475	1.900	53.826	61.436	-1.745	0.7710	0.880	-0.025								1.900	49.882	54.454	-10.472	0.7145	0.780	-0.150	1.900	41.853	58.469	36.652	0.5995	0.837	0.525	1.900	44.768	58.119	1.745	0.6413	0.832	0.025
1.950	0.000	0.000	0.000	0.0000	0.000	0.000																						1.950	22.218	23.911	15.708	0.3183	0.343	0.225	1.950	53.861	46.426	1.745	0.7715	0.665	0.025	1.950	22.462	24.435	12.217	0.3217	0.350	0.175	1.950	25.552	25.656	13.963	0.3660	0.367	0.200	1.950	-0.035	-0.175	-1.745	-5.0000E-4	-0.003	-0.025	1.950	0.716	6.807	-6.981	0.0103	0.098	-0.100	1.950	-30.875	-28.100	-10.472	-0.4423	-0.403	-0.150	1.950	31.590	28.623	13.963	0.4525	0.410	0.200	1.950	19.897	23.038	13.963	0.2850	0.330	0.200	1.950	26.808	26.704	12.217	0.3840	0.383	0.175	1.950	34.959	40.317	22.689	0.5008	0.578	0.325	1.950	28.693	36.477	22.689	0.4110	0.523	0.325	1.950	50.911	46.077	0.000	0.7293	0.660	-1.110E-14	1.950	42.028	43.982	20.944	0.6020	0.630	0.300	1.950	41.382	-0.175	-7.105E-13	0.5927	-0.002	0.000	1.950	52.936	44.506	-3.491	0.7583	0.638	-0.050	1.950	50.161	0.000	0.000	0.7185	0.000	0.000	1.950	0.105	0.175	-1.745	0.0015	0.003	-0.025	1.950	59.446	52.709		0.8515	0.755		1.950	63.547	14.137	-349.066	0.9102	0.203	-5.000								1.950	64.088	52.883	-1.745	0.9180	0.758	-0.025	1.950	46.443	54.280	15.708	0.6653	0.778	0.225	1.950	7.086	-4.712	5.236	0.1015	-0.068	0.075	1.950	31.940	45.379	29.671	0.4575	0.650	0.425	1.950	56.898	61.436	-1.745	0.8150	0.880	-0.025								1.950	52.604	53.582	-22.689	0.7535	0.768	-0.325	1.950	44.820	60.039	22.689	0.6420	0.860	0.325	1.950	47.665	57.945	-3.491	0.6827	0.830	-0.050
2.000	0.000	0.000	0.000	0.0000	0.000	0.000																						2.000	23.440	24.784	13.963	0.3357	0.355	0.200	2.000	56.182	46.426	-1.745	0.8048	0.665	-0.025	2.000	23.702	24.958	10.472	0.3395	0.357	0.150	2.000	26.861	26.354	12.217	0.3847	0.377	0.175	2.000	-0.052	-0.175	4.718E-15	-7.5000E-4	-0.002	5.638E-17	2.000	1.047	6.632	-1.745	0.0150	0.095	-0.025	2.000	-32.289	-28.623	-12.217	-0.4625	-0.410	-0.175	2.000	33.039	29.322	13.963	0.4732	0.420	0.200	2.000	21.066	23.736	12.217	0.3018	0.340	0.175	2.000	28.152	27.227	13.963	0.4032	0.390	0.200	2.000	37.001	41.364	20.944	0.5300	0.592	0.300	2.000	30.543	37.525	20.944	0.4375	0.537	0.300	2.000	53.215	46.077	-1.745	0.7622	0.660	-0.025	2.000	44.262	44.855	8.727	0.6340	0.642	0.125	2.000	41.382	-0.175	-7.067E-13	0.5927	-0.002	5.638E-17	2.000	55.152	44.157	-6.981	0.7900	0.632	-0.100	2.000	50.161	-0.175	-1.745	0.7185	-0.002	-0.025	2.000	0.105	0.000	-1.745	0.0015	0.000	-0.025								2.000	63.617	0.524	-141.372	0.9112	0.008	-2.025								2.000	66.741	52.709	-55.851	0.9560	0.755	-0.800	2.000	49.183	54.629	-4.974E-13	0.7045	0.782	-1.665E-14	2.000	6.877	-4.189	5.236	0.0985	-0.060	0.075	2.000	34.243	46.775	31.416	0.4905	0.670	0.450	2.000	59.970	61.261	-3.491	0.8590	0.877	-0.050								2.000	55.240	52.185	-20.944	0.7913	0.747	-0.300	2.000	47.857	60.737	6.981	0.6855	0.870	0.100	2.000	50.562	57.770	-3.491	0.7243	0.828	-0.050
2.050	0.000	0.000	0.000	0.0000	0.000	0.000																						2.050	24.696	25.307	10.472	0.3538	0.362	0.150	2.050	58.503	46.251	-5.236	0.8380	0.662	-0.075	2.050	24.958	25.482	12.217	0.3575	0.365	0.175	2.050	28.187	26.878	12.217	0.4038	0.385	0.175	2.050	-0.052	-0.175	-6.939E-15	-7.5000E-4	-0.002	-1.084E-16	2.050	1.379	6.632	5.236	0.0198	0.095	0.075	2.050	-33.737	-29.322	-15.708	-0.4833	-0.420	-0.225	2.050	34.523	30.020	13.963	0.4945	0.430	0.200	2.050	22.270	24.260	10.472	0.3190	0.347	0.150	2.050	29.531	28.100	15.708	0.4230	0.402	0.225	2.050	39.095	42.411	22.689	0.5600	0.607	0.325	2.050	32.446	38.572	22.689	0.4647	0.552	0.325	2.050	55.519	45.902	-1.745	0.7953	0.658	-0.025	2.050	46.513	44.855	-1.745	0.6663	0.642	-0.025	2.050	41.364	-0.175	1.745	0.5925	-0.002	0.025	2.050	57.352	43.808	-123.918	0.8215	0.627	-1.775	2.050	50.143	-0.175	1.745	0.7183	-0.002	0.025	2.050	0.105	0.000	0.000	0.0015	0.000	0.000								2.050	63.600	0.000	-3.491	0.9110	0.000	-0.050								2.050	69.359	47.298	-233.874	0.9935	0.677	-3.350	2.050	51.906	54.280	-5.236	0.7435	0.777	-0.075	2.050	6.667	-4.189	-5.236	0.0955	-0.060	-0.075	2.050	36.617	48.520	33.161	0.5245	0.695	0.475	2.050	63.024	61.087	-3.491	0.9028	0.875	-0.050								2.050	57.823	51.487	-17.453	0.8283	0.737	-0.250	2.050	50.894	60.737	-1.745	0.7290	0.870	-0.025	2.050	53.442	57.596	-1.745	0.7655	0.825	-0.025
2.100	0.000	0.000	0.000	0.0000	0.000	0.000																						2.100	25.970	25.831	10.472	0.3720	0.370	0.150	2.100	60.807	45.902	-5.236	0.8710	0.658	-0.075	2.100	26.250	26.180	13.963	0.3760	0.375	0.200	2.100	29.548	27.576	12.217	0.4233	0.395	0.175	2.100	-0.070	-0.175	1.745	-0.0010	-0.003	0.025	2.100	1.710	7.156	10.472	0.0245	0.103	0.150	2.100	-35.221	-30.194	-13.963	-0.5045	-0.433	-0.200	2.100	36.041	30.718	12.217	0.5163	0.440	0.175	2.100	23.492	24.784	12.217	0.3365	0.355	0.175	2.100	30.962	28.798	10.472	0.4435	0.413	0.150	2.100	41.242	43.633	22.689	0.5907	0.625	0.325	2.100	34.400	39.794	19.199	0.4927	0.570	0.275	2.100	57.805	45.902	-1.745	0.8280	0.658	-0.025	2.100	48.747	44.680	-15.708	0.6983	0.640	-0.225	2.100	41.364	0.000	1.745	0.5925	0.000	0.025	2.100	59.533	31.765	-350.811	0.8528	0.455	-5.025	2.100	50.143	0.000	1.745	0.7183	0.000	0.025	2.100	0.105	0.000	0.000	0.0015	0.000	0.000								2.100	63.617	0.175	0.000	0.9112	0.002	0.000								2.100	71.471	29.322	-394.444	1.0238	0.420	-5.650	2.100	54.611	54.105	-7.105E-13	0.7823	0.775	0.000	2.100	6.458	-4.712	-6.981	0.0925	-0.068	-0.100	2.100	39.095	50.091	31.416	0.5600	0.718	0.450	2.100	66.078	60.912	-13.963	0.9465	0.873	-0.200								2.100	60.388	50.440	-22.689	0.8650	0.723	-0.325	2.100	53.931	60.563	-3.491	0.7725	0.868	-0.050	2.100	56.322	57.596	-1.745	0.8067	0.825	-0.025
2.150	0.000	0.000	0.000	0.0000	0.000	0.000																						2.150	27.279	26.354	12.217	0.3907	0.377	0.175	2.150	63.094	45.728	-1.745	0.9038	0.655	-0.025	2.150	27.576	26.878	13.963	0.3950	0.385	0.200	2.150	30.945	28.100	10.472	0.4432	0.402	0.150	2.150	-0.070	0.000	7.772E-15	-0.0010	0.000	1.084E-16	2.150	2.094	7.679	8.727	0.0300	0.110	0.125	2.150	-36.757	-30.718	-10.472	-0.5265	-0.440	-0.150	2.150	37.594	31.241	12.217	0.5385	0.448	0.175	2.150	24.749	25.482	13.963	0.3545	0.365	0.200	2.150	32.411	29.147	10.472	0.4642	0.417	0.150	2.150	43.459	44.680	13.963	0.6225	0.640	0.200	2.150	36.425	40.492	5.236	0.5217	0.580	0.075	2.150	60.109	45.728	-19.199	0.8610	0.655	-0.275	2.150	50.981	43.284	-104.720	0.7303	0.620	-1.500	2.150	41.364	0.000	0.000	0.5925	0.000	0.000	2.150	60.528	8.727	-329.867	0.8670	0.125	-4.725	2.150	50.143	0.000	0.000	0.7183	0.000	0.000	2.150	0.105	0.000	0.000	0.0015	0.000	0.000								2.150	63.617	0.000	-1.745	0.9112	0.000	-0.025								2.150	72.292	7.854	-298.451	1.0355	0.112	-4.275	2.150	57.317	54.280	-2.416E-12	0.8210	0.777	-4.552E-14	2.150	6.196	-4.887	3.491	0.0887	-0.070	0.050	2.150	41.626	51.662	31.416	0.5963	0.740	0.450	2.150	69.115	59.690	-36.652	0.9900	0.855	-0.525								2.150	62.867	49.218	-22.689	0.9005	0.705	-0.325	2.150	56.950	60.388	-3.491	0.8157	0.865	-0.050	2.150	59.202	57.421	-3.491	0.8480	0.822	-0.050
2.200	0.000	0.000		0.0000	0.000																							2.200	28.606	27.053	13.963	0.4097	0.387	0.200	2.200	65.380	45.728	-1.745	0.9365	0.655	-0.025	2.200	28.938	27.576	13.963	0.4145	0.395	0.200	2.200	32.358	28.623	13.963	0.4635	0.410	0.200	2.200	-0.070	-0.175	-3.491	-0.0010	-0.002	-0.050	2.200	2.478	8.029	10.472	0.0355	0.115	0.150	2.200	-38.293	-31.241	-12.217	-0.5485	-0.448	-0.175	2.200	39.165	31.940	13.963	0.5610	0.458	0.200	2.200	26.040	26.180	13.963	0.3730	0.375	0.200	2.200	33.877	29.845	15.708	0.4852	0.427	0.225	2.200	45.710	45.029	3.491	0.6548	0.645	0.050	2.200	38.450	40.317	-13.963	0.5507	0.577	-0.200	2.200	62.378	43.982	-57.596	0.8935	0.630	-0.825	2.200	53.075	34.208	-260.054	0.7602	0.490	-3.725	2.200	41.364	0.000	0.000	0.5925	0.000	0.000	2.200	60.406	-1.222	-89.012	0.8652	-0.018	-1.275	2.200	50.143	0.000	-1.745	0.7183	0.000	-0.025	2.200	0.105	0.000	1.745	0.0015	0.000	0.025								2.200	63.617	0.000	0.000	0.9112	0.000	0.000								2.200	72.257	-0.524	-80.285	1.0350	-0.008	-1.150	2.200	60.039	54.105	-6.981	0.8600	0.775	-0.100	2.200	5.969	-4.363	6.981	0.0855	-0.062	0.100	2.200	44.262	53.233	31.416	0.6340	0.762	0.450	2.200	72.047	57.247	-150.098	1.0320	0.820	-2.150								2.200	65.310	48.171	-20.944	0.9355	0.690	-0.300	2.200	59.970	60.214	-26.180	0.8590	0.862	-0.375	2.200	62.064	57.247	-8.727	0.8890	0.820	-0.125
																												2.250	29.985	27.751	12.217	0.4295	0.397	0.175	2.250	67.666	45.553	-5.236	0.9693	0.652	-0.075	2.250	30.334	28.274	12.217	0.4345	0.405	0.175	2.250	33.807	29.496	15.708	0.4842	0.422	0.225	2.250	-0.087	-0.349	-1.388E-15	-0.0013	-0.005	0.000	2.250	2.897	8.727	6.981	0.0415	0.125	0.100	2.250	-39.881	-31.940	-13.963	-0.5713	-0.458	-0.200	2.250	40.788	32.638	12.217	0.5842	0.467	0.175	2.250	27.367	26.878	12.217	0.3920	0.385	0.175	2.250	35.395	30.718	13.963	0.5070	0.440	0.200	2.250	47.962	45.029	-3.491	0.6870	0.645	-0.050	2.250	40.457	39.095	-61.087	0.5795	0.560	-0.875	2.250	64.507	39.968	-104.720	0.9240	0.572	-1.500	2.250	54.402	17.279	-314.159	0.7793	0.248	-4.500	2.250	41.364	0.000	-1.745	0.5925	0.000	-0.025	2.250	60.406	-0.175	12.217	0.8652	-0.002	0.175	2.250	50.143	-0.175	-1.745	0.7183	-0.003	-0.025	2.250	0.105	0.175	1.745	0.0015	0.002	0.025								2.250	63.617	0.000	0.000	0.9112	0.000	0.000								2.250	72.239	-0.175	5.236	1.0348	-0.002	0.075	2.250	62.727	53.582	-52.360	0.8985	0.767	-0.750	2.250	5.760	-4.189	8.882E-14	0.0825	-0.060	-1.388E-15	2.250	46.949	54.803	29.671	0.6725	0.785	0.425	2.250	74.840	44.680	-333.358	1.0720	0.640	-4.775								2.250	67.684	47.124	-20.944	0.9695	0.675	-0.300	2.250	62.971	57.770	-150.098	0.9020	0.827	-2.150	2.250	64.926	56.549	-111.701	0.9300	0.810	-1.600
																												2.300	31.381	28.274	10.472	0.4495	0.405	0.150	2.300	69.935	45.204	-6.981	1.0018	0.647	-0.100	2.300	31.765	28.798	12.217	0.4550	0.412	0.175	2.300	35.308	30.194	10.472	0.5057	0.432	0.150	2.300	-0.105	-0.175	3.491	-0.0015	-0.002	0.050	2.300	3.351	8.727	-1.745	0.0480	0.125	-0.025	2.300	-41.486	-32.638	-13.963	-0.5943	-0.467	-0.200	2.300	42.429	33.161	10.472	0.6078	0.475	0.150	2.300	28.728	27.402	10.472	0.4115	0.392	0.150	2.300	36.949	31.241	10.472	0.5293	0.447	0.150	2.300	50.213	44.680	-6.981	0.7193	0.640	-0.100	2.300	42.359	34.208	-162.316	0.6067	0.490	-2.325	2.300	66.375	33.510	-160.570	0.9507	0.480	-2.300	2.300	54.803	2.793	-191.986	0.7850	0.040	-2.750	2.300	41.364	-0.175	-1.745	0.5925	-0.002	-0.025	2.300	60.388	0.000	1.745	0.8650	0.000	0.025	2.300	50.126	-0.175	1.745	0.7180	-0.003	0.025	2.300	0.122	0.175	-1.745	0.0018	0.002	-0.025								2.300	63.617	0.000	-1.745	0.9112	0.000	-0.025								2.300	72.239	0.000	1.745	1.0348	0.000	0.025	2.300	65.397	48.869	-160.570	0.9368	0.700	-2.300	2.300	5.550	-4.363	-6.981	0.0795	-0.062	-0.100	2.300	49.742	56.200	15.708	0.7125	0.805	0.225	2.300	76.515	23.911	-370.010	1.0960	0.342	-5.300								2.300	70.023	46.077	-20.944	1.0030	0.660	-0.300	2.300	65.747	45.204	-375.246	0.9417	0.647	-5.375	2.300	67.719	46.077	-267.035	0.9700	0.660	-3.825
																												2.350	32.812	28.798	12.217	0.4700	0.412	0.175	2.350	72.187	44.855	-17.453	1.0340	0.643	-0.250	2.350	33.214	29.496	13.963	0.4758	0.422	0.200	2.350	36.826	30.543	10.472	0.5275	0.437	0.150	2.350	-0.105	0.000	1.745	-0.0015	0.000	0.025	2.350	3.770	8.552	8.727	0.0540	0.122	0.125	2.350	-43.145	-33.336	-10.472	-0.6180	-0.477	-0.150	2.350	44.104	33.685	12.217	0.6318	0.482	0.175	2.350	30.107	27.925	12.217	0.4313	0.400	0.175	2.350	38.519	31.765	12.217	0.5517	0.455	0.175	2.350	52.430	44.331	-3.491	0.7510	0.635	-0.050	2.350	43.878	22.864	-258.309	0.6285	0.328	-3.700	2.350	67.858	23.911	-212.930	0.9720	0.342	-3.050	2.350	54.681	-1.920	-36.652	0.7833	-0.028	-0.525	2.350	41.347	-0.175	1.745	0.5923	-0.002	0.025	2.350	60.406	0.000	0.000	0.8652	0.000	0.000	2.350	50.126	0.000	1.745	0.7180	0.000	0.025	2.350	0.122	0.000	0.000	0.0018	0.000	0.000								2.350	63.617	-0.175		0.9112	-0.002									2.350	72.239	0.000	0.000	1.0348	0.000	0.000	2.350	67.614	37.525	-256.563	0.9685	0.538	-3.675	2.350	5.323	-4.887	-12.217	0.0762	-0.070	-0.175	2.350	52.569	56.374	1.745	0.7530	0.807	0.025	2.350	77.231	7.679	-239.110	1.1063	0.110	-3.425								2.350	72.292	45.029	-41.888	1.0355	0.645	-0.600	2.350	67.492	20.246	-425.860	0.9667	0.290	-6.100	2.350	69.534	29.845	-282.743	0.9960	0.428	-4.050
																												2.400	34.261	29.496	13.963	0.4908	0.422	0.200	2.400	74.421	43.459	-43.633	1.0660	0.622	-0.625	2.400	34.715	30.194	12.217	0.4972	0.432	0.175	2.400	38.362	31.241	15.708	0.5495	0.448	0.225	2.400	-0.105	0.000	0.000	-0.0015	0.000	0.000	2.400	4.206	9.599	20.944	0.0603	0.137	0.300	2.400	-44.820	-33.685	-10.472	-0.6420	-0.482	-0.150	2.400	45.797	34.383	15.708	0.6560	0.492	0.225	2.400	31.521	28.623	13.963	0.4515	0.410	0.200	2.400	40.125	32.463	15.708	0.5747	0.465	0.225	2.400	54.646	44.331	-3.491	0.7828	0.635	-0.050	2.400	44.646	8.378	-239.110	0.6395	0.120	-3.425	2.400	68.766	12.217	-212.930	0.9850	0.175	-3.050	2.400	54.611	-0.873	17.453	0.7823	-0.012	0.250	2.400	41.347	0.000	1.745	0.5923	0.000	0.025	2.400	60.388	0.000	0.000	0.8650	0.000	0.000	2.400	50.126	0.000	0.000	0.7180	0.000	0.000	2.400	0.122	0.175	3.491	0.0018	0.002	0.050																						2.400	72.239	0.000	-1.745	1.0348	0.000	-0.025	2.400	69.150	23.213	-294.961	0.9905	0.332	-4.225	2.400	5.061	-5.585		0.0725	-0.080		2.400	55.379	56.374	1.776E-12	0.7932	0.807	3.553E-14	2.400	77.283	0.000		1.1070	0.000									2.400	74.526	41.888	-141.372	1.0675	0.600	-2.025	2.400	67.771	2.618	-202.458	0.9708	0.038	-2.900	2.400	70.703	17.802	-230.383	1.0128	0.255	-3.300
																												2.450	35.762	30.194	12.217	0.5122	0.433	0.175	2.450	76.533	40.492	-54.105	1.0963	0.580	-0.775	2.450	36.233	30.718	12.217	0.5190	0.440	0.175	2.450	39.951	32.114	13.963	0.5723	0.460	0.200	2.450	-0.105	0.000	0.000	-0.0015	0.000	0.000	2.450	4.730	10.647	-8.882E-14	0.0678	0.153	-5.551E-16	2.450	-46.513	-34.383	-15.708	-0.6663	-0.493	-0.225	2.450	47.543	35.256	13.963	0.6810	0.505	0.200	2.450	32.969	29.322	13.963	0.4722	0.420	0.200	2.450	41.766	33.336	13.963	0.5983	0.478	0.200	2.450	56.863	43.982	-5.236	0.8145	0.630	-0.075	2.450	44.715	-1.047	-113.446	0.6405	-0.015	-1.625	2.450	69.080	2.618	-127.409	0.9895	0.038	-1.825	2.450	54.594	-0.175	6.981	0.7820	-0.002	0.100	2.450	41.347	0.000	0.000	0.5923	0.000	0.000	2.450	60.406	0.000	-1.745	0.8652	0.000	-0.025	2.450	50.126	0.000	0.000	0.7180	0.000	0.000	2.450	0.140	0.349	1.745	0.0020	0.005	0.025																						2.450	72.239	-0.175	-3.491	1.0348	-0.003	-0.050	2.450	69.935	8.029	-230.383	1.0018	0.115	-3.300								2.450	58.207	56.374	-1.745	0.8337	0.808	-0.025															2.450	76.480	30.892	-291.470	1.0955	0.443	-4.175	2.450	67.754	0.000		0.9705	0.000		2.450	71.314	6.807		1.0215	0.097	
																												2.500	37.280	30.718	10.472	0.5340	0.440	0.150	2.500	78.470	38.048	-68.068	1.1240	0.545	-0.975	2.500	37.786	31.416	13.963	0.5413	0.450	0.200	2.500	41.574	32.638	10.472	0.5955	0.467	0.150	2.500	-0.105	0.000	0.000	-0.0015	0.000	0.000	2.500	5.271	9.599	-20.944	0.0755	0.137	-0.300	2.500	-48.258	-35.256	-13.963	-0.6913	-0.505	-0.200	2.500	49.323	35.779	10.472	0.7065	0.512	0.150	2.500	34.453	30.020	12.217	0.4935	0.430	0.175	2.500	43.459	33.859	5.236	0.6225	0.485	0.075	2.500	59.044	43.808		0.8458	0.627		2.500	44.541	-2.967	-3.491	0.6380	-0.042	-0.050	2.500	69.028	-0.524	-26.180	0.9887	-0.008	-0.375	2.500	54.594	-0.175	-7.028E-13	0.7820	-0.002	1.084E-16	2.500	41.347	0.000		0.5923	0.000		2.500	60.388	-0.175	0.000	0.8650	-0.002	0.000	2.500	50.126	0.000	-1.745	0.7180	0.000	-0.025	2.500	0.157	0.349	-1.745	0.0023	0.005	-0.025																						2.500	72.222	-0.349	1.429E-12	1.0345	-0.005	2.231E-14	2.500	69.953	0.175	-85.521	1.0020	0.003	-1.225								2.500	61.017	56.200	-12.217	0.8740	0.805	-0.175															2.500	77.615	12.741	-301.942	1.1118	0.183	-4.325														
																												2.550	38.834	31.241	10.472	0.5563	0.447	0.150	2.550	80.337	33.685	-146.608	1.1508	0.482	-2.100	2.550	39.375	32.114	12.217	0.5640	0.460	0.175	2.550	43.214	33.161	12.217	0.6190	0.475	0.175	2.550	-0.105	0.000	-1.745	-0.0015	0.000	-0.025	2.550	5.690	8.552	-1.745	0.0815	0.122	-0.025	2.550	-50.039	-35.779	-6.981	-0.7168	-0.512	-0.100	2.550	51.121	36.303	10.472	0.7323	0.520	0.150	2.550	35.971	30.543	12.217	0.5152	0.437	0.175	2.550	45.152	33.859	1.745	0.6467	0.485	0.025								2.550	44.419	-1.396	22.689	0.6362	-0.020	0.325	2.550	69.028	0.000	6.981	0.9887	0.000	0.100	2.550	54.576	-0.175	1.745	0.7818	-0.002	0.025								2.550	60.388	0.000	1.745	0.8650	0.000	0.025	2.550	50.126	-0.175	-1.745	0.7180	-0.002	-0.025	2.550	0.175	0.175	-5.236	0.0025	0.002	-0.075																						2.550	72.204	-0.175	3.491	1.0343	-0.002	0.050	2.550	69.953	-0.524	-8.727	1.0020	-0.008	-0.125								2.550	63.827	55.152	-57.596	0.9143	0.790	-0.825															2.550	77.754	0.698		1.1138	0.010															
																												2.600	40.404	31.765	12.217	0.5788	0.455	0.175	2.600	81.838	23.387	-254.818	1.1723	0.335	-3.650	2.600	40.998	32.638		0.5873	0.467		2.600	44.890	33.859	12.217	0.6430	0.485	0.175	2.600	-0.105	-0.175	-1.745	-0.0015	-0.002	-0.025	2.600	6.126	9.425	3.491	0.0878	0.135	0.050	2.600	-51.836	-35.954	-1.745	-0.7425	-0.515	-0.025	2.600	52.953	36.826	6.981	0.7585	0.527	0.100	2.600	37.507	31.241	13.963	0.5373	0.448	0.200	2.600	46.845	34.034	1.745	0.6710	0.487	0.025								2.600	44.401	-0.698	-3.491	0.6360	-0.010	-0.050	2.600	69.028	0.175	0.000	0.9887	0.002	0.000	2.600	54.576	0.000	1.745	0.7818	0.000	0.025								2.600	60.388	0.000	0.000	0.8650	0.000	0.000	2.600	50.108	-0.175	1.745	0.7177	-0.002	0.025	2.600	0.175	-0.175	-3.491	0.0025	-0.002	-0.050																						2.600	72.204	0.000	1.745	1.0343	0.000	0.025	2.600	69.900	-0.698	1.745	1.0013	-0.010	0.025								2.600	66.532	50.440	-123.918	0.9530	0.722	-1.775																																			
																												2.650	42.010	32.463	13.963	0.6017	0.465	0.200	2.650	82.676	8.203	-247.837	1.1843	0.117	-3.550								2.650	46.600	34.383	10.472	0.6675	0.492	0.150	2.650	-0.122	-0.175	1.745	-0.0018	-0.002	0.025	2.650	6.632	8.901	-20.944	0.0950	0.127	-0.300	2.650	-53.634	-35.954	1.745	-0.7682	-0.515	0.025	2.650	54.803	37.001	9.237E-13	0.7850	0.530	2.331E-14	2.650	39.095	31.940	12.217	0.5600	0.457	0.175	2.650	48.555	34.034	-3.491	0.6955	0.487	-0.050								2.650	44.349	-1.745	-15.708	0.6352	-0.025	-0.225	2.650	69.045	0.000	-3.491	0.9890	0.000	-0.050	2.650	54.576	0.000	-1.745	0.7818	0.000	-0.025								2.650	60.388	0.000	-1.745	0.8650	0.000	-0.025	2.650	50.108	0.000	1.745	0.7177	0.000	0.025	2.650	0.157	-0.175	1.745	0.0023	-0.002	0.025																						2.650	72.204	0.000	-1.745	1.0343	0.000	-0.025	2.650	69.883	-0.349	5.236	1.0010	-0.005	0.075								2.650	68.871	42.761	-151.844	0.9865	0.612	-2.175																																			
																												2.700	43.651	33.161	13.963	0.6253	0.475	0.200	2.700	82.659	-1.396	-95.993	1.1840	-0.020	-1.375								2.700	48.328	34.907	12.217	0.6923	0.500	0.175	2.700	-0.122	0.000	1.745	-0.0018	0.000	0.025	2.700	7.016	7.330	-19.199	0.1005	0.105	-0.275	2.700	-55.432	-35.779	3.491	-0.7940	-0.513	0.050	2.700	56.653	36.826	-1.745	0.8115	0.528	-0.025	2.700	40.701	32.463	12.217	0.5830	0.465	0.175	2.700	50.248	33.685	-5.236	0.7198	0.483	-0.075								2.700	44.227	-2.269	5.236	0.6335	-0.032	0.075	2.700	69.028	-0.175		0.9887	-0.002		2.700	54.576	-0.175	-1.745	0.7818	-0.003	-0.025								2.700	60.388	-0.175	-1.745	0.8650	-0.002	-0.025	2.700	50.108	0.000		0.7177	0.000		2.700	0.157	0.000	3.491	0.0023	0.000	0.050																						2.700	72.204	-0.175	-1.745	1.0343	-0.003	-0.025	2.700	69.866	-0.175	1.745	1.0008	-0.003	0.025								2.700	70.808	35.256	-141.372	1.0143	0.505	-2.025																																			
																												2.750	45.326	33.859	12.217	0.6493	0.485	0.175	2.750	82.537	-1.396	10.472	1.1823	-0.020	0.150								2.750	50.091	35.605	12.217	0.7175	0.510	0.175	2.750	-0.122	0.000	0.000	-0.0018	0.000	0.000	2.750	7.365	6.981	-5.236	0.1055	0.100	-0.075	2.750	-57.212	-35.605	3.491	-0.8195	-0.510	0.050	2.750	58.486	36.826	-1.745	0.8378	0.527	-0.025	2.750	42.342	33.161	12.217	0.6065	0.475	0.175	2.750	51.924	33.510	-3.491	0.7438	0.480	-0.050								2.750	44.122	-1.222	20.944	0.6320	-0.018	0.300								2.750	54.559	-0.175	1.745	0.7815	-0.003	0.025								2.750	60.371	-0.175	1.745	0.8647	-0.002	0.025								2.750	0.157	0.175	3.491	0.0023	0.002	0.050																						2.750	72.187	-0.175	1.429E-12	1.0340	-0.003	1.084E-16	2.750	69.866	-0.175	7.772E-15	1.0008	-0.003	1.084E-16								2.750	72.396	28.623	-125.664	1.0370	0.410	-1.800																																			
																												2.800	47.037	34.383	10.472	0.6737	0.492	0.150	2.800	82.519	-0.349	10.472	1.1820	-0.005	0.150								2.800	51.889	36.128	10.472	0.7432	0.517	0.150	2.800	-0.122	0.000	0.000	-0.0018	0.000	0.000	2.800	7.714	6.807	-6.981	0.1105	0.098	-0.100	2.800	-58.992	-35.430	1.745	-0.8450	-0.507	0.025	2.800	60.336	36.652	-3.491	0.8642	0.525	-0.050	2.800	44.017	33.685	12.217	0.6305	0.482	0.175	2.800	53.599	33.336	-1.745	0.7678	0.477	-0.025								2.800	44.104	-0.175	12.217	0.6318	-0.002	0.175								2.800	54.559	0.000	1.745	0.7815	0.000	0.025								2.800	60.371	0.000	1.745	0.8647	0.000	0.025								2.800	0.175	0.349	3.491	0.0025	0.005	0.050																						2.800	72.187	-0.175	1.421E-12	1.0340	-0.003	0.000	2.800	69.848	-0.175	1.745	1.0005	-0.003	0.025								2.800	73.670	22.689		1.0553	0.325																																				
																												2.850	48.764	34.907	12.217	0.6985	0.500	0.175	2.850	82.502	-0.349	-1.745	1.1818	-0.005	-0.025								2.850	53.704	36.652	1.745	0.7692	0.525	0.025	2.850	-0.122	0.000	0.000	-0.0018	0.000	0.000	2.850	8.046	6.283	-6.981	0.1153	0.090	-0.100	2.850	-60.755	-35.430		-0.8702	-0.508		2.850	62.151	36.477	-1.745	0.8903	0.522	-0.025	2.850	45.710	34.383	13.963	0.6548	0.492	0.200	2.850	55.257	33.336	-1.745	0.7915	0.477	-0.025								2.850	44.104	0.000	-1.745	0.6318	0.000	-0.025								2.850	54.559	0.000	-1.745	0.7815	0.000	-0.025								2.850	60.371	0.000	0.000	0.8647	0.000	0.000								2.850	0.192	0.524		0.0027	0.007																							2.850	72.169	-0.175	3.491	1.0338	-0.003	0.050	2.850	69.848	0.000	1.745	1.0005	0.000	0.025																																																	
																												2.900	50.527	35.605	12.217	0.7237	0.510	0.175	2.900	82.484	-0.524	-10.472	1.1815	-0.008	-0.150								2.900	55.554	36.303	-10.472	0.7958	0.520	-0.150	2.900	-0.122	0.000	0.000	-0.0018	0.000	0.000	2.900	8.343	6.109	3.491	0.1195	0.087	0.050								2.900	63.984	36.477	-3.491	0.9165	0.522	-0.050	2.900	47.455	35.081	12.217	0.6798	0.502	0.175	2.900	56.933	33.161	-3.491	0.8155	0.475	-0.050								2.900	44.104	-0.349	-8.727	0.6318	-0.005	-0.125								2.900	54.559	-0.175	-1.745	0.7815	-0.002	-0.025								2.900	60.371	0.000	0.000	0.8647	0.000	0.000																																				2.900	72.169	0.175	3.491	1.0338	0.003	0.050	2.900	69.848	0.000	0.000	1.0005	0.000	0.000																																																	
																												2.950	52.325	36.128	12.217	0.7495	0.518	0.175	2.950	82.449	-1.396	-20.944	1.1810	-0.020	-0.300								2.950	57.334	35.605	-8.727	0.8213	0.510	-0.125	2.950	-0.122	0.000	0.000	-0.0018	0.000	0.000	2.950	8.657	6.632	12.217	0.1240	0.095	0.175								2.950	65.799	36.128	-5.236	0.9425	0.518	-0.075	2.950	49.218	35.605	6.981	0.7050	0.510	0.100	2.950	58.573	32.987	-3.491	0.8390	0.473	-0.050								2.950	44.070	-0.873	-5.236	0.6312	-0.012	-0.075								2.950	54.542	-0.175	0.000	0.7812	-0.002	0.000								2.950	60.371	0.000	0.000	0.8647	0.000	0.000																																				2.950	72.187	0.175	-3.491	1.0340	0.003	-0.050	2.950	69.848	0.000	0.000	1.0005	0.000	0.000																																																	
																												3.000	54.140	36.826	12.217	0.7755	0.527	0.175	3.000	82.345	-2.618	-20.944	1.1795	-0.037	-0.300								3.000	59.114	35.430	-5.236	0.8467	0.507	-0.075	3.000	-0.122	0.000	0.000	-0.0018	0.000	0.000	3.000	9.006	7.330	10.472	0.1290	0.105	0.150								3.000	67.597	35.954	-1.745	0.9682	0.515	-0.025	3.000	51.016	35.779	-1.563E-12	0.7307	0.512	-2.220E-14	3.000	60.231	32.812	-15.708	0.8628	0.470	-0.225								3.000	44.017	-0.873	5.236	0.6305	-0.012	0.075								3.000	54.542	-0.175		0.7812	-0.002									3.000	60.371	0.000	0.000	0.8647	0.000	0.000																																				3.000	72.187	-0.175	-3.491	1.0340	-0.003	-0.050	3.000	69.848	0.000	0.000	1.0005	0.000	0.000																																																	
																												3.050	56.008	37.350	5.236	0.8022	0.535	0.075	3.050	82.188	-3.491	-12.217	1.1773	-0.050	-0.175								3.050	60.877	35.081	-6.981	0.8720	0.502	-0.100	3.050	-0.122	0.000	0.000	-0.0018	0.000	0.000	3.050	9.390	7.679	0.000	0.1345	0.110	-2.776E-15								3.050	69.394	35.954	-3.491	0.9940	0.515	-0.050	3.050	52.796	35.605	-1.745	0.7562	0.510	-0.025	3.050	61.854	31.416		0.8860	0.450									3.050	43.982	-0.349	10.472	0.6300	-0.005	0.150																						3.050	60.371	0.000	1.745	0.8647	0.000	0.025																																				3.050	72.169	-0.175	1.745	1.0338	-0.003	0.025	3.050	69.848	0.000		1.0005	0.000																																																		
																												3.100	57.875	37.350	0.000	0.8290	0.535	-1.110E-14	3.100	81.996	-3.840	0.000	1.1745	-0.055	-2.220E-14								3.100	62.622	34.732	-8.727	0.8970	0.498	-0.125	3.100	-0.122	0.000	0.000	-0.0018	0.000	0.000	3.100	9.774	7.330	-10.472	0.1400	0.105	-0.150								3.100	71.192	35.605	-8.727	1.0198	0.510	-0.125	3.100	54.576	35.605	-1.745	0.7818	0.510	-0.025															3.100	43.982	0.175	5.236	0.6300	0.002	0.075																						3.100	60.371	0.175	1.745	0.8647	0.002	0.025																																				3.100	72.169	0.000	-1.421E-12	1.0338	0.000	2.220E-14																																																								
																												3.150	59.743	37.350	9.948E-13	0.8557	0.535	2.331E-14	3.150	81.804	-3.491	3.491	1.1718	-0.050	0.050								3.150	64.350	34.208	-10.472	0.9217	0.490	-0.150	3.150	-0.122	0.000	0.000	-0.0018	0.000	0.000	3.150	10.123	6.632	-12.217	0.1450	0.095	-0.175								3.150	72.955	35.081	-8.727	1.0450	0.503	-0.125	3.150	56.357	35.430	-1.745	0.8073	0.507	-0.025															3.150	44.000	0.175	7.772E-15	0.6302	0.002	1.121E-14																						3.150	60.388	0.175	-1.745	0.8650	0.002	-0.025																																				3.150	72.169	-0.175	-1.745	1.0338	-0.002	-0.025																																																								
																												3.200	61.610	37.350	-1.745	0.8825	0.535	-0.025	3.200	81.646	-3.491	-8.727	1.1695	-0.050	-0.125								3.200	66.043	33.685	-8.727	0.9460	0.483	-0.125	3.200	-0.122	0.000	0.000	-0.0018	0.000	0.000	3.200	10.437	6.109	-6.981	0.1495	0.088	-0.100								3.200	74.700	34.732		1.0700	0.498		3.200	58.119	35.430	-1.745	0.8325	0.508	-0.025															3.200	44.000	0.175	1.745	0.6302	0.003	0.025																						3.200	60.388	0.000	-1.745	0.8650	0.000	-0.025																																				3.200	72.152	-0.175	1.745	1.0335	-0.002	0.025																																																								
																												3.250	63.478	37.176	-5.236	0.9092	0.532	-0.075	3.250	81.455	-4.363	-20.944	1.1668	-0.062	-0.300								3.250	67.719	33.336	-8.727	0.9700	0.477	-0.125	3.250	-0.122	0.000	0.000	-0.0018	0.000	0.000	3.250	10.734	5.934	-5.236	0.1537	0.085	-0.075															3.250	59.900	35.256	-3.491	0.8580	0.505	-0.050															3.250	44.017	0.349	-7.772E-15	0.6305	0.005	-1.121E-14																						3.250	60.388	0.000	0.000	0.8650	0.000	0.000																																				3.250	72.152	0.000	1.745	1.0335	0.000	0.025																																																								
																												3.300	65.328	36.826	-3.491	0.9358	0.527	-0.050	3.300	81.210	-5.585	-24.435	1.1633	-0.080	-0.350								3.300	69.377	32.812	-10.472	0.9938	0.470	-0.150	3.300	-0.122	0.000	0.000	-0.0018	0.000	0.000	3.300	11.030	5.585	-12.217	0.1580	0.080	-0.175															3.300	61.645	35.081	-1.745	0.8830	0.502	-0.025															3.300	44.035	0.175	-3.491	0.6307	0.002	-0.050																						3.300	60.388	0.000	0.000	0.8650	0.000	0.000																																				3.300	72.152	0.000	0.000	1.0335	0.000	0.000																																																								
																												3.350	67.160	36.826	-1.421E-12	0.9620	0.528	1.110E-14	3.350	80.896	-6.807	-17.453	1.1588	-0.098	-0.250								3.350	71.000	32.289	-8.727	1.0170	0.462	-0.125	3.350	-0.122	0.000	0.000	-0.0018	0.000	0.000	3.350	11.292	4.712	-24.435	0.1617	0.068	-0.350															3.350	63.408	35.081	-3.491	0.9083	0.502	-0.050															3.350	44.035	0.000	-1.745	0.6307	0.000	-0.025																						3.350	60.388	0.000	0.000	0.8650	0.000	0.000																																				3.350	72.152	0.000	0.000	1.0335	0.000	0.000																																																								
																												3.400	69.010	36.826	-3.491	0.9885	0.528	-0.050	3.400	80.529	-7.330	-1.745	1.1535	-0.105	-0.025								3.400	72.606	31.940	-8.727	1.0400	0.457	-0.125	3.400	-0.122	0.000	0.000	-0.0018	0.000	0.000	3.400	11.502	3.142	-34.907	0.1648	0.045	-0.500															3.400	65.153	34.732	-6.981	0.9333	0.498	-0.100															3.400	44.035	0.000	0.000	0.6307	0.000	0.000																						3.400	60.388	0.000		0.8650	0.000																																					3.400	72.152	0.000	-1.745	1.0335	0.000	-0.025																																																								
																												3.450	70.843	36.477	-5.236	1.0148	0.523	-0.075	3.450	80.163	-6.981	6.981	1.1483	-0.100	0.100								3.450	74.194	31.416	-10.472	1.0628	0.450	-0.150	3.450	-0.122	0.000	0.000	-0.0018	0.000	0.000	3.450	11.606	1.222	-31.416	0.1663	0.018	-0.450															3.450	66.881	34.383	-8.727	0.9580	0.493	-0.125															3.450	44.035	0.000	0.000	0.6307	0.000	0.000																																																																3.450	72.152	-0.175	-1.745	1.0335	-0.003	-0.025																																																								
																												3.500	72.658	36.303	-1.745	1.0408	0.520	-0.025	3.500	79.831	-6.632	6.981	1.1435	-0.095	0.100								3.500	75.747	30.892	-8.727	1.0850	0.442	-0.125	3.500	-0.122	0.000	0.000	-0.0018	0.000	0.000	3.500	11.624	0.000	-13.963	0.1665	0.000	-0.200															3.500	68.591	33.859	-15.708	0.9825	0.485	-0.225															3.500	44.035	0.000	0.000	0.6307	0.000	0.000																																																																3.500	72.134	-0.175	3.491	1.0333	-0.003	0.050																																																								
																												3.550	74.473	36.303	-1.745	1.0668	0.520	-0.025	3.550	79.500	-6.283	5.236	1.1388	-0.090	0.075								3.550	77.283	30.543	-6.981	1.1070	0.437	-0.100	3.550	-0.122	0.000	0.000	-0.0018	0.000	0.000	3.550	11.606	-0.175		0.1663	-0.003																3.550	70.267	32.812	-24.435	1.0065	0.470	-0.350															3.550	44.035	0.000	0.000	0.6307	0.000	0.000																																																																3.550	72.134	0.175	5.236	1.0333	0.003	0.075																																																								
																												3.600	76.288	36.128	-22.689	1.0928	0.517	-0.325	3.600	79.203	-6.109	1.745	1.1345	-0.087	0.025								3.600	78.802	30.194	-8.727	1.1288	0.432	-0.125	3.600	-0.122	0.000	0.000	-0.0018	0.000	0.000																						3.600	71.873	31.416	-29.671	1.0295	0.450	-0.425															3.600	44.035	0.000	-1.745	0.6307	0.000	-0.025																																																																3.600	72.152	0.349	1.745	1.0335	0.005	0.025																																																								
																												3.650	78.086	34.034	-76.794	1.1185	0.487	-1.100	3.650	78.889	-6.109	3.491	1.1300	-0.088	0.050								3.650	80.303	29.671	-12.217	1.1503	0.425	-0.175	3.650	-0.122	0.000	0.000	-0.0018	0.000	0.000																						3.650	73.409	29.845	-36.652	1.0515	0.427	-0.525															3.650	44.035	-0.175	-1.745	0.6307	-0.002	-0.025																																																																3.650	72.169	0.349	1.554E-14	1.0338	0.005	2.242E-14																																																								
																												3.700	79.692	28.449	-132.645	1.1415	0.408	-1.900	3.700	78.592	-5.760	6.981	1.1258	-0.083	0.100								3.700	81.769	28.972	-12.217	1.1713	0.415	-0.175	3.700	-0.122	0.000	0.000	-0.0018	0.000	0.000																						3.700	74.857	27.751	-50.615	1.0723	0.398	-0.725															3.700	44.017	-0.175	1.745	0.6305	-0.002	0.025																																																																3.700	72.187	0.349	-1.745	1.0340	0.005	-0.025																																																								
																												3.750	80.931	20.769	-155.334	1.1593	0.298	-2.225	3.750	78.313	-5.411	5.236	1.1218	-0.077	0.075								3.750	83.200	28.449	-10.472	1.1918	0.407	-0.150	3.750	-0.122	0.000	0.000	-0.0018	0.000	0.000																						3.750	76.184	24.784	-69.813	1.0913	0.355	-1.000															3.750	44.017	0.000	1.745	0.6305	0.000	0.025																																																																3.750	72.204	0.175	-1.745	1.0343	0.003	-0.025																																																								
																												3.800	81.769	12.915	-158.825	1.1713	0.185	-2.275	3.800	78.051	-5.236	-3.491	1.1180	-0.075	-0.050								3.800	84.614	27.925	-12.217	1.2120	0.400	-0.175	3.800	-0.122	0.000	0.000	-0.0018	0.000	0.000																						3.800	77.336	20.769	-99.484	1.1078	0.297	-1.425															3.800	44.017	0.000	-1.745	0.6305	0.000	-0.025																																																																3.800	72.204	0.175	-1.421E-12	1.0343	0.002	-2.220E-14																																																								
																												3.850	82.222	4.887	-129.154	1.1778	0.070	-1.850	3.850	77.789	-5.760	-10.472	1.1143	-0.083	-0.150								3.850	85.992	27.227	-17.453	1.2318	0.390	-0.250	3.850	-0.122	0.000	0.000	-0.0018	0.000	0.000																						3.850	78.261	14.835		1.1210	0.212																3.850	44.017	-0.175	-1.745	0.6305	-0.003	-0.025																																																																3.850	72.222	0.175	-3.491	1.0345	0.002	-0.050																																																								
																												3.900	82.257	0.000		1.1783	0.000		3.900	77.475	-6.283	-5.236	1.1098	-0.090	-0.075								3.900	87.336	26.180	-27.925	1.2510	0.375	-0.400	3.900	-0.122	0.000	0.000	-0.0018	0.000	0.000																																											3.900	44.000	-0.175	1.745	0.6302	-0.003	0.025																																																																3.900	72.222	-0.175	-3.491	1.0345	-0.002	-0.050																																																								
																																			3.950	77.161	-6.283	1.745	1.1053	-0.090	0.025								3.950	88.610	24.435	-40.143	1.2693	0.350	-0.575	3.950	-0.122	0.000	0.000	-0.0018	0.000	0.000																																											3.950	44.000	0.000	1.745	0.6302	0.000	0.025																																																																3.950	72.204	-0.175	1.745	1.0343	-0.002	0.025																																																								
																																			4.000	76.847	-6.109	6.981	1.1008	-0.088	0.100								4.000	89.780	22.166	-48.869	1.2860	0.318	-0.700	4.000	-0.122	0.000	0.000	-0.0018	0.000	0.000																																											4.000	44.000	0.000	1.745	0.6302	0.000	0.025																																																																4.000	72.204	0.000	-1.406E-12	1.0343	0.000	-2.198E-14																																																								
																																			4.050	76.550	-5.585	6.981	1.0965	-0.080	0.100								4.050	90.827	19.548	-62.832	1.3010	0.280	-0.900	4.050	-0.122	0.000	0.000	-0.0018	0.000	0.000																																											4.050	44.000	0.175	1.745	0.6302	0.003	0.025																																																																4.050	72.204	-0.175	-3.491	1.0343	-0.003	-0.050																																																								
																																			4.100	76.288	-5.411	-3.491	1.0928	-0.077	-0.050								4.100	91.734	15.882	-82.030	1.3140	0.227	-1.175	4.100	-0.122	0.000	0.000	-0.0018	0.000	0.000																																											4.100	44.017	0.175	1.554E-14	0.6305	0.003	-1.088E-14																																																																4.100	72.187	-0.349		1.0340	-0.005																																																									
																																			4.150	76.009	-5.934	-10.472	1.0888	-0.085	-0.150								4.150	92.415	11.345	-94.248	1.3238	0.162	-1.350	4.150	-0.122	0.000	0.000	-0.0018	0.000	0.000																																											4.150	44.017	0.175	1.554E-14	0.6305	0.002	-1.088E-14																																																																																																																														
																																			4.200	75.695	-6.458	-8.727	1.0843	-0.093	-0.125								4.200	92.869	6.458	-95.993	1.3303	0.093	-1.375	4.200	-0.122	0.000	0.000	-0.0018	0.000	0.000																																											4.200	44.035	0.175	-1.745	0.6307	0.002	-0.025																																																																																																																														
																																			4.250	75.363	-6.807	-8.727	1.0795	-0.097	-0.125								4.250	93.061	1.745	-68.068	1.3330	0.025	-0.975	4.250	-0.122	0.000	0.000	-0.0018	0.000	0.000																																											4.250	44.035	0.000	-1.745	0.6307	0.000	-0.025																																																																																																																														
																																			4.300	75.014	-7.330	-6.981	1.0745	-0.105	-0.100								4.300	93.043	-0.349	-19.199	1.3328	-0.005	-0.275	4.300	-0.122	0.000	0.000	-0.0018	0.000	0.000																																											4.300	44.035	0.000	0.000	0.6307	0.000	0.000																																																																																																																														
																																			4.350	74.630	-7.505	5.236	1.0690	-0.107	0.075								4.350	93.026	-0.175	3.491	1.3325	-0.003	0.050	4.350	-0.122	0.000	1.745	-0.0018	0.000	0.025																																											4.350	44.035	0.000	-1.745	0.6307	0.000	-0.025																																																																																																																														
																																			4.400	74.264	-6.807	22.689	1.0638	-0.097	0.325								4.400	93.026	0.000		1.3325	0.000		4.400	-0.122	0.175	1.745	-0.0018	0.003	0.025																																											4.400	44.035	-0.175	-1.745	0.6307	-0.002	-0.025																																																																																																																														
																																			4.450	73.950	-5.236	27.925	1.0593	-0.075	0.400															4.450	-0.105	0.175	-1.745	-0.0015	0.003	-0.025																																											4.450	44.017	-0.175	0.000	0.6305	-0.002	-1.110E-14																																																																																																																														
																																			4.500	73.740	-4.014	6.981	1.0563	-0.057	0.100															4.500	-0.105	0.000	-3.491	-0.0015	0.000	-0.050																																											4.500	44.017	-0.175	1.554E-14	0.6305	-0.003	-1.088E-14																																																																																																																														
																																			4.550	73.548	-4.538	-15.708	1.0535	-0.065	-0.225															4.550	-0.105	-0.175	-1.745	-0.0015	-0.002	-0.025																																											4.550	44.000	-0.175	1.745	0.6302	-0.003	0.025																																																																																																																														
																																			4.600	73.286	-5.585		1.0498	-0.080																4.600	-0.122	-0.175	3.491	-0.0018	-0.002	0.050																																											4.600	44.000	0.000	1.745	0.6302	0.000	0.025																																																																																																																														
																																																								4.650	-0.122	0.175		-0.0018	0.003																																												4.650	44.000	0.000	1.745	0.6302	0.000	0.025																																																																																																																														
																																																																																																									4.700	44.000	0.175	3.491	0.6302	0.003	0.050																																																																																																																														
																																																																																																									4.750	44.017	0.349	-1.554E-14	0.6305	0.005	-1.132E-14																																																																																																																														
																																																																																																									4.800	44.035	0.175	-3.491	0.6307	0.002	-0.050																																																																																																																														
																																																																																																									4.850	44.035	0.000	-1.745	0.6307	0.000	-0.025																																																																																																																														
																																																																																																									4.900	44.035	0.000	0.000	0.6307	0.000	0.000																																																																																																																														
																																																																																																									4.950	44.035	0.000	0.000	0.6307	0.000	0.000																																																																																																																														
																																																																																																									5.000	44.035	0.000		0.6307	0.000																																																																																																																															
